5a5f6efde84ca8adaf76504fefab174d	gi|343200190|ref|NR_040877.1|	98.710	465	6	0	3	467	338	802	0.0	828	537011
5a5f6efde84ca8adaf76504fefab174d	gi|631252213|ref|NR_113411.1|	98.710	465	6	0	3	467	338	802	0.0	826	537011
5a5f6efde84ca8adaf76504fefab174d	gi|2363084409|ref|NR_180452.1|	97.849	465	10	0	3	467	318	782	0.0	804	2518605
5a5f6efde84ca8adaf76504fefab174d	gi|631251907|ref|NR_113105.1|	93.991	466	26	2	3	467	326	790	0.0	704	470565
5a5f6efde84ca8adaf76504fefab174d	gi|343199048|ref|NR_044407.1|	93.991	466	26	2	3	467	318	782	0.0	704	470565
5a5f6efde84ca8adaf76504fefab174d	gi|2221405403|ref|NR_175509.1|	93.562	466	28	2	3	467	338	802	0.0	693	2608404
5a5f6efde84ca8adaf76504fefab174d	gi|566085557|ref|NR_109628.1|	93.562	466	28	2	3	467	319	783	0.0	693	1177574
5a5f6efde84ca8adaf76504fefab174d	gi|631253107|ref|NR_114305.1|	93.562	466	28	2	3	467	338	802	0.0	693	1236518
5a5f6efde84ca8adaf76504fefab174d	gi|636560666|ref|NR_116726.1|	93.562	466	28	2	3	467	318	782	0.0	693	1236518
5a5f6efde84ca8adaf76504fefab174d	gi|631251926|ref|NR_113124.1|	93.133	466	30	2	3	467	338	802	0.0	682	28137
8fa9c77ddac47de8abaae5b4570f1ee7	gi|631252213|ref|NR_113411.1|	98.925	465	5	0	3	467	338	802	0.0	832	537011
8fa9c77ddac47de8abaae5b4570f1ee7	gi|343200190|ref|NR_040877.1|	98.710	465	6	0	3	467	338	802	0.0	828	537011
8fa9c77ddac47de8abaae5b4570f1ee7	gi|2363084409|ref|NR_180452.1|	98.065	465	9	0	3	467	318	782	0.0	809	2518605
8fa9c77ddac47de8abaae5b4570f1ee7	gi|631251907|ref|NR_113105.1|	94.421	466	24	2	3	467	326	790	0.0	715	470565
8fa9c77ddac47de8abaae5b4570f1ee7	gi|343199048|ref|NR_044407.1|	94.421	466	24	2	3	467	318	782	0.0	715	470565
8fa9c77ddac47de8abaae5b4570f1ee7	gi|566085557|ref|NR_109628.1|	93.991	466	26	2	3	467	319	783	0.0	704	1177574
8fa9c77ddac47de8abaae5b4570f1ee7	gi|631251926|ref|NR_113124.1|	93.562	466	28	2	3	467	338	802	0.0	693	28137
8fa9c77ddac47de8abaae5b4570f1ee7	gi|631251894|ref|NR_113092.1|	93.562	466	28	2	3	467	326	790	0.0	693	77768
8fa9c77ddac47de8abaae5b4570f1ee7	gi|636559270|ref|NR_115327.1|	93.562	466	28	2	3	467	318	782	0.0	693	28137
8fa9c77ddac47de8abaae5b4570f1ee7	gi|219878161|ref|NR_025300.1|	93.562	466	28	2	3	467	338	802	0.0	693	77768
1785fa43ba730bef387d4e3fc8483abc	gi|343200190|ref|NR_040877.1|	97.634	465	11	0	3	467	338	802	0.0	800	537011
1785fa43ba730bef387d4e3fc8483abc	gi|631252213|ref|NR_113411.1|	97.634	465	11	0	3	467	338	802	0.0	798	537011
1785fa43ba730bef387d4e3fc8483abc	gi|2363084409|ref|NR_180452.1|	96.774	465	15	0	3	467	318	782	0.0	776	2518605
1785fa43ba730bef387d4e3fc8483abc	gi|631253107|ref|NR_114305.1|	93.548	465	30	0	3	467	338	802	0.0	693	1236518
1785fa43ba730bef387d4e3fc8483abc	gi|636560666|ref|NR_116726.1|	93.548	465	30	0	3	467	318	782	0.0	693	1236518
1785fa43ba730bef387d4e3fc8483abc	gi|631251922|ref|NR_113120.1|	93.362	467	27	4	3	467	336	800	0.0	688	28136
1785fa43ba730bef387d4e3fc8483abc	gi|265678842|ref|NR_029147.1|	93.133	466	30	2	3	467	341	805	0.0	682	28136
1785fa43ba730bef387d4e3fc8483abc	gi|507148088|ref|NR_102895.1|	92.903	465	33	0	3	467	346	810	0.0	676	553174
1785fa43ba730bef387d4e3fc8483abc	gi|631251915|ref|NR_113113.1|	92.903	465	33	0	3	467	326	790	0.0	676	553174
1785fa43ba730bef387d4e3fc8483abc	gi|631251907|ref|NR_113105.1|	92.949	468	27	5	3	467	326	790	0.0	676	470565
11857d9bf287d9ca33276663a019f40f	gi|343200190|ref|NR_040877.1|	99.140	465	4	0	3	467	338	802	0.0	839	537011
11857d9bf287d9ca33276663a019f40f	gi|631252213|ref|NR_113411.1|	99.140	465	4	0	3	467	338	802	0.0	837	537011
11857d9bf287d9ca33276663a019f40f	gi|2363084409|ref|NR_180452.1|	97.419	465	12	0	3	467	318	782	0.0	793	2518605
11857d9bf287d9ca33276663a019f40f	gi|631253107|ref|NR_114305.1|	93.562	466	28	2	3	467	338	802	0.0	693	1236518
11857d9bf287d9ca33276663a019f40f	gi|631251907|ref|NR_113105.1|	93.562	466	28	2	3	467	326	790	0.0	693	470565
11857d9bf287d9ca33276663a019f40f	gi|636560666|ref|NR_116726.1|	93.562	466	28	2	3	467	318	782	0.0	693	1236518
11857d9bf287d9ca33276663a019f40f	gi|343199048|ref|NR_044407.1|	93.562	466	28	2	3	467	318	782	0.0	693	470565
11857d9bf287d9ca33276663a019f40f	gi|631251894|ref|NR_113092.1|	93.348	466	29	2	3	467	326	790	0.0	688	77768
11857d9bf287d9ca33276663a019f40f	gi|219878161|ref|NR_025300.1|	93.348	466	29	2	3	467	338	802	0.0	688	77768
11857d9bf287d9ca33276663a019f40f	gi|2221405403|ref|NR_175509.1|	93.133	466	30	2	3	467	338	802	0.0	682	2608404
701937d0e1265d2260f324bc1ce167ac	gi|631252213|ref|NR_113411.1|	98.495	465	7	0	3	467	338	802	0.0	821	537011
701937d0e1265d2260f324bc1ce167ac	gi|343200190|ref|NR_040877.1|	98.280	465	8	0	3	467	338	802	0.0	817	537011
701937d0e1265d2260f324bc1ce167ac	gi|2363084409|ref|NR_180452.1|	98.065	465	9	0	3	467	318	782	0.0	809	2518605
701937d0e1265d2260f324bc1ce167ac	gi|631251907|ref|NR_113105.1|	93.777	466	27	2	3	467	326	790	0.0	699	470565
701937d0e1265d2260f324bc1ce167ac	gi|265678842|ref|NR_029147.1|	93.803	468	23	6	3	467	341	805	0.0	699	28136
701937d0e1265d2260f324bc1ce167ac	gi|343199048|ref|NR_044407.1|	93.777	466	27	2	3	467	318	782	0.0	699	470565
701937d0e1265d2260f324bc1ce167ac	gi|631251922|ref|NR_113120.1|	93.590	468	24	6	3	467	336	800	0.0	693	28136
701937d0e1265d2260f324bc1ce167ac	gi|631251894|ref|NR_113092.1|	93.562	466	28	2	3	467	326	790	0.0	693	77768
701937d0e1265d2260f324bc1ce167ac	gi|219878161|ref|NR_025300.1|	93.562	466	28	2	3	467	338	802	0.0	693	77768
701937d0e1265d2260f324bc1ce167ac	gi|566085557|ref|NR_109628.1|	93.348	466	29	2	3	467	319	783	0.0	688	1177574
95e0abdbef0f4cc7fe1e6f327e479d4e	gi|343200190|ref|NR_040877.1|	98.925	465	5	0	3	467	338	802	0.0	833	537011
95e0abdbef0f4cc7fe1e6f327e479d4e	gi|631252213|ref|NR_113411.1|	98.925	465	5	0	3	467	338	802	0.0	832	537011
95e0abdbef0f4cc7fe1e6f327e479d4e	gi|2363084409|ref|NR_180452.1|	98.065	465	9	0	3	467	318	782	0.0	809	2518605
95e0abdbef0f4cc7fe1e6f327e479d4e	gi|631251907|ref|NR_113105.1|	94.206	466	25	2	3	467	326	790	0.0	710	470565
95e0abdbef0f4cc7fe1e6f327e479d4e	gi|343199048|ref|NR_044407.1|	94.206	466	25	2	3	467	318	782	0.0	710	470565
95e0abdbef0f4cc7fe1e6f327e479d4e	gi|2221405403|ref|NR_175509.1|	93.777	466	27	2	3	467	338	802	0.0	699	2608404
95e0abdbef0f4cc7fe1e6f327e479d4e	gi|566085557|ref|NR_109628.1|	93.777	466	27	2	3	467	319	783	0.0	699	1177574
95e0abdbef0f4cc7fe1e6f327e479d4e	gi|631253107|ref|NR_114305.1|	93.777	466	27	2	3	467	338	802	0.0	699	1236518
95e0abdbef0f4cc7fe1e6f327e479d4e	gi|636560666|ref|NR_116726.1|	93.777	466	27	2	3	467	318	782	0.0	699	1236518
95e0abdbef0f4cc7fe1e6f327e479d4e	gi|631251926|ref|NR_113124.1|	93.348	466	29	2	3	467	338	802	0.0	688	28137
a1a5ffc057e0c61a178bb141da575c74	gi|343200190|ref|NR_040877.1|	98.710	465	6	0	3	467	338	802	0.0	828	537011
a1a5ffc057e0c61a178bb141da575c74	gi|631252213|ref|NR_113411.1|	98.710	465	6	0	3	467	338	802	0.0	826	537011
a1a5ffc057e0c61a178bb141da575c74	gi|2363084409|ref|NR_180452.1|	97.849	465	10	0	3	467	318	782	0.0	804	2518605
a1a5ffc057e0c61a178bb141da575c74	gi|631251907|ref|NR_113105.1|	93.991	466	26	2	3	467	326	790	0.0	704	470565
a1a5ffc057e0c61a178bb141da575c74	gi|343199048|ref|NR_044407.1|	93.991	466	26	2	3	467	318	782	0.0	704	470565
a1a5ffc057e0c61a178bb141da575c74	gi|2221405403|ref|NR_175509.1|	93.562	466	28	2	3	467	338	802	0.0	693	2608404
a1a5ffc057e0c61a178bb141da575c74	gi|566085557|ref|NR_109628.1|	93.562	466	28	2	3	467	319	783	0.0	693	1177574
a1a5ffc057e0c61a178bb141da575c74	gi|631253107|ref|NR_114305.1|	93.562	466	28	2	3	467	338	802	0.0	693	1236518
a1a5ffc057e0c61a178bb141da575c74	gi|636560666|ref|NR_116726.1|	93.562	466	28	2	3	467	318	782	0.0	693	1236518
a1a5ffc057e0c61a178bb141da575c74	gi|631251926|ref|NR_113124.1|	93.133	466	30	2	3	467	338	802	0.0	682	28137
c6e8058689bd923530c08d879b8b577b	gi|343200677|ref|NR_041364.1|	98.491	464	7	0	3	466	334	797	0.0	819	1002367
c6e8058689bd923530c08d879b8b577b	gi|631252122|ref|NR_113320.1|	91.828	465	36	2	3	466	336	799	0.0	647	1236516
c6e8058689bd923530c08d879b8b577b	gi|636560772|ref|NR_116832.1|	91.828	465	36	2	3	466	316	779	0.0	647	1236516
c6e8058689bd923530c08d879b8b577b	gi|219857187|ref|NR_024815.1|	91.845	466	34	4	3	466	336	799	0.0	647	228603
c6e8058689bd923530c08d879b8b577b	gi|2363080041|ref|NR_178237.1|	91.649	467	35	4	3	467	327	791	0.0	643	2801997
c6e8058689bd923530c08d879b8b577b	gi|631251924|ref|NR_113122.1|	91.649	467	35	4	3	467	336	800	0.0	643	185294
c6e8058689bd923530c08d879b8b577b	gi|631251898|ref|NR_113096.1|	91.613	465	39	0	3	467	336	800	0.0	643	28125
c6e8058689bd923530c08d879b8b577b	gi|631251894|ref|NR_113092.1|	91.453	468	34	5	3	467	326	790	0.0	638	77768
c6e8058689bd923530c08d879b8b577b	gi|219878161|ref|NR_025300.1|	91.453	468	34	5	3	467	338	802	0.0	638	77768
c6e8058689bd923530c08d879b8b577b	gi|631251911|ref|NR_113109.1|	91.435	467	34	6	3	466	322	785	0.0	636	840
d3a9a374f9ee925f80472e0c6bdc8624	gi|343200190|ref|NR_040877.1|	98.495	465	7	0	3	467	338	802	0.0	822	537011
d3a9a374f9ee925f80472e0c6bdc8624	gi|631252213|ref|NR_113411.1|	98.495	465	7	0	3	467	338	802	0.0	821	537011
d3a9a374f9ee925f80472e0c6bdc8624	gi|2363084409|ref|NR_180452.1|	97.634	465	11	0	3	467	318	782	0.0	798	2518605
d3a9a374f9ee925f80472e0c6bdc8624	gi|631251907|ref|NR_113105.1|	93.777	466	27	2	3	467	326	790	0.0	699	470565
d3a9a374f9ee925f80472e0c6bdc8624	gi|343199048|ref|NR_044407.1|	93.777	466	27	2	3	467	318	782	0.0	699	470565
d3a9a374f9ee925f80472e0c6bdc8624	gi|2221405403|ref|NR_175509.1|	93.348	466	29	2	3	467	338	802	0.0	688	2608404
d3a9a374f9ee925f80472e0c6bdc8624	gi|566085557|ref|NR_109628.1|	93.348	466	29	2	3	467	319	783	0.0	688	1177574
d3a9a374f9ee925f80472e0c6bdc8624	gi|631253107|ref|NR_114305.1|	93.348	466	29	2	3	467	338	802	0.0	688	1236518
d3a9a374f9ee925f80472e0c6bdc8624	gi|636560666|ref|NR_116726.1|	93.348	466	29	2	3	467	318	782	0.0	688	1236518
d3a9a374f9ee925f80472e0c6bdc8624	gi|631251926|ref|NR_113124.1|	92.918	466	31	2	3	467	338	802	0.0	676	28137
52cc20e53ffa2953471488222a93f9f2	gi|343200190|ref|NR_040877.1|	98.495	465	7	0	3	467	338	802	0.0	822	537011
52cc20e53ffa2953471488222a93f9f2	gi|631252213|ref|NR_113411.1|	98.495	465	7	0	3	467	338	802	0.0	821	537011
52cc20e53ffa2953471488222a93f9f2	gi|2363084409|ref|NR_180452.1|	97.634	465	11	0	3	467	318	782	0.0	798	2518605
52cc20e53ffa2953471488222a93f9f2	gi|631251907|ref|NR_113105.1|	93.777	466	27	2	3	467	326	790	0.0	699	470565
52cc20e53ffa2953471488222a93f9f2	gi|343199048|ref|NR_044407.1|	93.777	466	27	2	3	467	318	782	0.0	699	470565
52cc20e53ffa2953471488222a93f9f2	gi|2221405403|ref|NR_175509.1|	93.348	466	29	2	3	467	338	802	0.0	688	2608404
52cc20e53ffa2953471488222a93f9f2	gi|566085557|ref|NR_109628.1|	93.348	466	29	2	3	467	319	783	0.0	688	1177574
52cc20e53ffa2953471488222a93f9f2	gi|631253107|ref|NR_114305.1|	93.348	466	29	2	3	467	338	802	0.0	688	1236518
52cc20e53ffa2953471488222a93f9f2	gi|636560666|ref|NR_116726.1|	93.348	466	29	2	3	467	318	782	0.0	688	1236518
52cc20e53ffa2953471488222a93f9f2	gi|631251926|ref|NR_113124.1|	92.918	466	31	2	3	467	338	802	0.0	676	28137
acf8e0010c04abea4e4343cdc0a1323f	gi|1193829159|ref|NR_147402.1|	99.360	469	3	0	3	471	329	797	0.0	852	1907660
acf8e0010c04abea4e4343cdc0a1323f	gi|2363082045|ref|NR_179269.1|	95.096	469	23	0	3	471	317	785	0.0	741	2494234
acf8e0010c04abea4e4343cdc0a1323f	gi|1193829158|ref|NR_147401.1|	94.456	469	26	0	3	471	329	797	0.0	725	1816689
acf8e0010c04abea4e4343cdc0a1323f	gi|219878461|ref|NR_025600.1|	94.468	470	24	2	3	471	299	767	0.0	723	234908
acf8e0010c04abea4e4343cdc0a1323f	gi|343200904|ref|NR_041591.1|	94.055	471	24	4	3	471	309	777	0.0	713	762967
acf8e0010c04abea4e4343cdc0a1323f	gi|1864207054|ref|NR_169348.1|	94.030	469	28	0	3	471	316	784	0.0	712	2584944
acf8e0010c04abea4e4343cdc0a1323f	gi|2363082713|ref|NR_179604.1|	93.817	469	29	0	3	471	307	775	0.0	706	1944635
acf8e0010c04abea4e4343cdc0a1323f	gi|645320614|ref|NR_117778.1|	93.603	469	30	0	3	471	290	758	0.0	701	40545
acf8e0010c04abea4e4343cdc0a1323f	gi|559795260|ref|NR_104851.1|	93.603	469	30	0	3	471	279	747	0.0	701	40545
acf8e0010c04abea4e4343cdc0a1323f	gi|1193829138|ref|NR_147381.1|	93.249	474	22	7	3	471	329	797	0.0	689	1852381
2a5420162a0998c2b1e7dc79b88ff262	gi|343200190|ref|NR_040877.1|	98.925	465	5	0	3	467	338	802	0.0	833	537011
2a5420162a0998c2b1e7dc79b88ff262	gi|631252213|ref|NR_113411.1|	98.925	465	5	0	3	467	338	802	0.0	832	537011
2a5420162a0998c2b1e7dc79b88ff262	gi|2363084409|ref|NR_180452.1|	98.065	465	9	0	3	467	318	782	0.0	809	2518605
2a5420162a0998c2b1e7dc79b88ff262	gi|631251907|ref|NR_113105.1|	94.206	466	25	2	3	467	326	790	0.0	710	470565
2a5420162a0998c2b1e7dc79b88ff262	gi|343199048|ref|NR_044407.1|	94.206	466	25	2	3	467	318	782	0.0	710	470565
2a5420162a0998c2b1e7dc79b88ff262	gi|2221405403|ref|NR_175509.1|	93.777	466	27	2	3	467	338	802	0.0	699	2608404
2a5420162a0998c2b1e7dc79b88ff262	gi|566085557|ref|NR_109628.1|	93.777	466	27	2	3	467	319	783	0.0	699	1177574
2a5420162a0998c2b1e7dc79b88ff262	gi|631253107|ref|NR_114305.1|	93.777	466	27	2	3	467	338	802	0.0	699	1236518
2a5420162a0998c2b1e7dc79b88ff262	gi|636560666|ref|NR_116726.1|	93.777	466	27	2	3	467	318	782	0.0	699	1236518
2a5420162a0998c2b1e7dc79b88ff262	gi|631251926|ref|NR_113124.1|	93.348	466	29	2	3	467	338	802	0.0	688	28137
86716cca39c8c1cc9ee36242aabdd495	gi|343200590|ref|NR_041277.1|	99.138	464	4	0	3	466	336	799	0.0	835	484018
86716cca39c8c1cc9ee36242aabdd495	gi|2221405488|ref|NR_175548.1|	96.137	466	14	4	3	466	343	806	0.0	758	2739389
86716cca39c8c1cc9ee36242aabdd495	gi|1116030286|ref|NR_144744.1|	94.397	464	26	0	3	466	336	799	0.0	715	1841856
86716cca39c8c1cc9ee36242aabdd495	gi|343200591|ref|NR_041278.1|	93.319	464	31	0	3	466	336	799	0.0	686	470145
86716cca39c8c1cc9ee36242aabdd495	gi|2363082641|ref|NR_179567.1|	92.888	464	33	0	3	466	336	799	0.0	676	1907658
86716cca39c8c1cc9ee36242aabdd495	gi|444304192|ref|NR_074616.1|	92.473	465	35	0	3	467	338	802	0.0	665	376805
86716cca39c8c1cc9ee36242aabdd495	gi|343200760|ref|NR_041447.1|	92.473	465	35	0	3	467	323	787	0.0	665	376805
86716cca39c8c1cc9ee36242aabdd495	gi|631251740|ref|NR_112938.1|	92.258	465	34	2	3	466	323	786	0.0	658	204516
86716cca39c8c1cc9ee36242aabdd495	gi|343198509|ref|NR_042745.1|	92.258	465	34	2	3	466	335	798	0.0	658	204516
86716cca39c8c1cc9ee36242aabdd495	gi|1146059112|ref|NR_145844.1|	92.043	465	35	2	3	466	336	799	0.0	652	1411144
1b317041920eab81151e72e80759393d	gi|645321781|ref|NR_118667.1|	97.973	444	9	0	3	446	352	795	0.0	784	28052
1b317041920eab81151e72e80759393d	gi|559795246|ref|NR_104836.1|	97.072	444	13	0	3	446	330	773	0.0	749	706562
1b317041920eab81151e72e80759393d	gi|444304189|ref|NR_074613.1|	96.404	445	14	2	3	446	347	790	0.0	732	515620
1b317041920eab81151e72e80759393d	gi|559795169|ref|NR_104758.1|	95.495	444	20	0	3	446	342	785	0.0	710	1282887
1b317041920eab81151e72e80759393d	gi|1277396183|ref|NR_151894.1|	94.831	445	21	2	3	446	332	775	0.0	693	433293
1b317041920eab81151e72e80759393d	gi|343202586|ref|NR_042953.1|	94.595	444	24	0	3	446	305	748	0.0	688	264463
1b317041920eab81151e72e80759393d	gi|219857405|ref|NR_024993.1|	94.369	444	25	0	3	446	346	789	0.0	682	99656
1b317041920eab81151e72e80759393d	gi|645322302|ref|NR_119085.1|	94.369	444	23	1	3	446	344	785	0.0	680	29364
1b317041920eab81151e72e80759393d	gi|1384992332|ref|NR_156081.1|	94.144	444	26	0	3	446	333	776	0.0	676	1469948
1b317041920eab81151e72e80759393d	gi|1384992329|ref|NR_156078.1|	94.144	444	26	0	3	446	333	776	0.0	676	1469948
325981c153c6f6ccbb23dfa5bb407864	gi|2363084409|ref|NR_180452.1|	94.624	465	25	0	3	467	318	782	0.0	721	2518605
325981c153c6f6ccbb23dfa5bb407864	gi|343200677|ref|NR_041364.1|	94.397	464	26	0	3	466	334	797	0.0	713	1002367
325981c153c6f6ccbb23dfa5bb407864	gi|343200190|ref|NR_040877.1|	94.194	465	27	0	3	467	338	802	0.0	712	537011
325981c153c6f6ccbb23dfa5bb407864	gi|631252213|ref|NR_113411.1|	94.194	465	27	0	3	467	338	802	0.0	710	537011
325981c153c6f6ccbb23dfa5bb407864	gi|2363080041|ref|NR_178237.1|	92.291	467	32	4	3	467	327	791	0.0	660	2801997
325981c153c6f6ccbb23dfa5bb407864	gi|631251924|ref|NR_113122.1|	92.291	467	32	4	3	467	336	800	0.0	660	185294
325981c153c6f6ccbb23dfa5bb407864	gi|631251898|ref|NR_113096.1|	92.258	465	36	0	3	467	336	800	0.0	660	28125
325981c153c6f6ccbb23dfa5bb407864	gi|343200237|ref|NR_040924.1|	92.077	467	32	5	3	467	316	779	0.0	652	185294
325981c153c6f6ccbb23dfa5bb407864	gi|631251895|ref|NR_113093.1|	91.828	465	38	0	3	467	336	800	0.0	649	419005
325981c153c6f6ccbb23dfa5bb407864	gi|343206049|ref|NR_044629.1|	91.398	465	40	0	3	467	343	807	0.0	643	28125
5c45dcde1478eebca0f1fc11073f4f9b	gi|1193829159|ref|NR_147402.1|	99.360	469	3	0	3	471	329	797	0.0	852	1907660
5c45dcde1478eebca0f1fc11073f4f9b	gi|2363082045|ref|NR_179269.1|	95.309	469	22	0	3	471	317	785	0.0	747	2494234
5c45dcde1478eebca0f1fc11073f4f9b	gi|219878461|ref|NR_025600.1|	94.681	470	23	2	3	471	299	767	0.0	728	234908
5c45dcde1478eebca0f1fc11073f4f9b	gi|1193829158|ref|NR_147401.1|	94.480	471	22	3	3	471	329	797	0.0	723	1816689
5c45dcde1478eebca0f1fc11073f4f9b	gi|343200904|ref|NR_041591.1|	94.043	470	26	2	3	471	309	777	0.0	713	762967
5c45dcde1478eebca0f1fc11073f4f9b	gi|1864207054|ref|NR_169348.1|	94.030	469	28	0	3	471	316	784	0.0	712	2584944
5c45dcde1478eebca0f1fc11073f4f9b	gi|2363082713|ref|NR_179604.1|	93.817	469	29	0	3	471	307	775	0.0	706	1944635
5c45dcde1478eebca0f1fc11073f4f9b	gi|645320614|ref|NR_117778.1|	93.603	469	30	0	3	471	290	758	0.0	701	40545
5c45dcde1478eebca0f1fc11073f4f9b	gi|559795260|ref|NR_104851.1|	93.603	469	30	0	3	471	279	747	0.0	701	40545
5c45dcde1478eebca0f1fc11073f4f9b	gi|1193829138|ref|NR_147381.1|	93.023	473	25	6	3	471	329	797	0.0	684	1852381
ff15e905c83fc1e8302fc26da4d82f19	gi|343201281|ref|NR_042007.1|	99.552	446	2	0	3	448	340	785	0.0	813	622312
ff15e905c83fc1e8302fc26da4d82f19	gi|645320588|ref|NR_117758.1|	97.768	448	6	4	3	448	319	764	0.0	769	166486
ff15e905c83fc1e8302fc26da4d82f19	gi|228716944|ref|NR_027557.1|	97.768	448	6	4	3	448	340	785	0.0	769	536231
ff15e905c83fc1e8302fc26da4d82f19	gi|343198540|ref|NR_042832.1|	97.768	448	5	5	3	448	327	771	0.0	767	301302
ff15e905c83fc1e8302fc26da4d82f19	gi|444439494|ref|NR_074809.1|	97.321	448	7	5	3	448	347	791	0.0	756	585394
ff15e905c83fc1e8302fc26da4d82f19	gi|1227086116|ref|NR_148619.1|	97.105	449	7	6	3	448	298	743	0.0	752	1712665
ff15e905c83fc1e8302fc26da4d82f19	gi|343201282|ref|NR_042008.1|	97.098	448	7	6	3	448	338	781	0.0	750	585394
ff15e905c83fc1e8302fc26da4d82f19	gi|444304209|ref|NR_074634.1|	96.652	448	9	5	3	448	347	790	0.0	739	515619
ff15e905c83fc1e8302fc26da4d82f19	gi|2363086282|ref|NR_181393.1|	96.652	448	9	5	3	448	287	730	0.0	739	2763664
ff15e905c83fc1e8302fc26da4d82f19	gi|2363085153|ref|NR_180825.1|	95.982	448	13	5	3	448	344	788	0.0	723	2605790
1d828c910ed6d0ccedf06026458132e1	gi|631252213|ref|NR_113411.1|	97.204	465	13	0	3	467	338	802	0.0	787	537011
1d828c910ed6d0ccedf06026458132e1	gi|343200190|ref|NR_040877.1|	96.989	465	14	0	3	467	338	802	0.0	784	537011
1d828c910ed6d0ccedf06026458132e1	gi|2363084409|ref|NR_180452.1|	95.914	465	19	0	3	467	318	782	0.0	754	2518605
1d828c910ed6d0ccedf06026458132e1	gi|631251894|ref|NR_113092.1|	94.409	465	26	0	3	467	326	790	0.0	715	77768
1d828c910ed6d0ccedf06026458132e1	gi|219878161|ref|NR_025300.1|	94.409	465	26	0	3	467	338	802	0.0	715	77768
1d828c910ed6d0ccedf06026458132e1	gi|265678842|ref|NR_029147.1|	94.194	465	27	0	3	467	341	805	0.0	710	28136
1d828c910ed6d0ccedf06026458132e1	gi|631251922|ref|NR_113120.1|	93.978	465	28	0	3	467	336	800	0.0	704	28136
1d828c910ed6d0ccedf06026458132e1	gi|631251907|ref|NR_113105.1|	93.548	465	30	0	3	467	326	790	0.0	693	470565
1d828c910ed6d0ccedf06026458132e1	gi|343199048|ref|NR_044407.1|	93.548	465	30	0	3	467	318	782	0.0	693	470565
1d828c910ed6d0ccedf06026458132e1	gi|2363080041|ref|NR_178237.1|	93.118	465	32	0	3	467	327	791	0.0	682	2801997
fc1bb442a3150b7b9728167771775c33	gi|444304091|ref|NR_074515.1|	99.569	464	2	0	3	466	347	810	0.0	846	435590
fc1bb442a3150b7b9728167771775c33	gi|631251748|ref|NR_112946.1|	99.569	464	2	0	3	466	336	799	0.0	846	821
fc1bb442a3150b7b9728167771775c33	gi|631250946|ref|NR_112143.1|	99.353	464	3	0	3	466	304	767	0.0	841	821
fc1bb442a3150b7b9728167771775c33	gi|343200664|ref|NR_041351.1|	98.707	464	6	0	3	466	338	801	0.0	824	357276
fc1bb442a3150b7b9728167771775c33	gi|631251997|ref|NR_113195.1|	93.966	464	28	0	3	466	335	798	0.0	702	1236515
fc1bb442a3150b7b9728167771775c33	gi|631251866|ref|NR_113064.1|	93.750	464	29	0	3	466	335	798	0.0	697	1236538
fc1bb442a3150b7b9728167771775c33	gi|631251817|ref|NR_113015.1|	93.750	464	29	0	3	466	335	798	0.0	697	1236538
fc1bb442a3150b7b9728167771775c33	gi|645320081|ref|NR_117373.1|	93.750	464	29	0	3	466	286	749	0.0	697	1236515
fc1bb442a3150b7b9728167771775c33	gi|2363085522|ref|NR_181010.1|	93.319	464	31	0	3	466	294	757	0.0	686	2786956
fc1bb442a3150b7b9728167771775c33	gi|2363082547|ref|NR_179520.1|	93.319	464	31	0	3	466	311	774	0.0	686	1841855
faae680a9ae703ac26881bc16f38c7b2	gi|343200924|ref|NR_041611.1|	99.360	469	3	0	3	471	332	800	0.0	850	1623
faae680a9ae703ac26881bc16f38c7b2	gi|2363080417|ref|NR_178448.1|	96.588	469	16	0	3	471	314	782	0.0	778	1416943
faae680a9ae703ac26881bc16f38c7b2	gi|265678321|ref|NR_028623.1|	96.375	469	17	0	3	471	275	743	0.0	773	137357
faae680a9ae703ac26881bc16f38c7b2	gi|343201470|ref|NR_042196.1|	96.375	469	17	0	3	471	346	814	0.0	773	238015
faae680a9ae703ac26881bc16f38c7b2	gi|631251587|ref|NR_112785.1|	96.162	469	18	0	3	471	330	798	0.0	767	519050
faae680a9ae703ac26881bc16f38c7b2	gi|343200968|ref|NR_041655.1|	96.162	469	18	0	3	471	348	816	0.0	767	480931
faae680a9ae703ac26881bc16f38c7b2	gi|645322551|ref|NR_119275.1|	95.949	469	19	0	3	471	338	806	0.0	763	82688
faae680a9ae703ac26881bc16f38c7b2	gi|636559787|ref|NR_115847.1|	95.949	469	19	0	3	471	336	804	0.0	761	392566
faae680a9ae703ac26881bc16f38c7b2	gi|343202682|ref|NR_043095.1|	95.949	469	19	0	3	471	350	818	0.0	761	303241
faae680a9ae703ac26881bc16f38c7b2	gi|631251557|ref|NR_112754.1|	95.949	469	19	0	3	471	326	794	0.0	761	82688
fc8525dab25217a884ca1df373edb8b6	gi|2363081451|ref|NR_178972.1|	99.550	444	2	0	3	446	282	725	0.0	809	1851428
fc8525dab25217a884ca1df373edb8b6	gi|265678656|ref|NR_028961.1|	98.874	444	5	0	3	446	324	767	0.0	793	853
fc8525dab25217a884ca1df373edb8b6	gi|2363082282|ref|NR_179388.1|	98.649	444	6	0	3	446	332	775	0.0	787	2935520
fc8525dab25217a884ca1df373edb8b6	gi|2363080123|ref|NR_178280.1|	98.649	444	6	0	3	446	328	771	0.0	787	411483
fc8525dab25217a884ca1df373edb8b6	gi|3030611269|ref|NR_199945.1|	98.423	444	7	0	3	446	332	775	0.0	782	3435293
fc8525dab25217a884ca1df373edb8b6	gi|2363081449|ref|NR_178971.1|	98.198	444	7	1	3	446	282	724	0.0	774	1851427
fc8525dab25217a884ca1df373edb8b6	gi|2363080175|ref|NR_178311.1|	96.622	444	15	0	3	446	409	852	0.0	737	2903556
fc8525dab25217a884ca1df373edb8b6	gi|1397641802|ref|NR_156911.1|	92.793	444	32	0	3	446	348	791	0.0	643	1650663
fc8525dab25217a884ca1df373edb8b6	gi|2363084747|ref|NR_180622.1|	92.793	444	32	0	3	446	332	775	0.0	643	2779354
fc8525dab25217a884ca1df373edb8b6	gi|2363082356|ref|NR_179425.1|	92.584	445	31	2	3	446	348	791	0.0	638	1689304
d2aa0a3562c906dd2af9db69d1b58454	gi|2363082679|ref|NR_179587.1|	99.775	444	1	0	3	446	325	768	0.0	815	1926283
d2aa0a3562c906dd2af9db69d1b58454	gi|2363081854|ref|NR_179173.1|	99.775	444	1	0	3	446	330	773	0.0	815	2126740
d2aa0a3562c906dd2af9db69d1b58454	gi|1384992332|ref|NR_156081.1|	97.523	444	11	0	3	446	333	776	0.0	760	1469948
d2aa0a3562c906dd2af9db69d1b58454	gi|1384992329|ref|NR_156078.1|	97.523	444	11	0	3	446	333	776	0.0	760	1469948
d2aa0a3562c906dd2af9db69d1b58454	gi|3030611230|ref|NR_199906.1|	97.297	444	12	0	3	446	351	794	0.0	754	3123317
d2aa0a3562c906dd2af9db69d1b58454	gi|3030611314|ref|NR_199990.1|	97.297	444	12	0	3	446	347	790	0.0	754	3123317
d2aa0a3562c906dd2af9db69d1b58454	gi|1384992331|ref|NR_156080.1|	97.297	444	12	0	3	446	333	776	0.0	754	1469948
d2aa0a3562c906dd2af9db69d1b58454	gi|1384992328|ref|NR_156077.1|	97.297	444	12	0	3	446	333	776	0.0	754	1469948
d2aa0a3562c906dd2af9db69d1b58454	gi|2363085097|ref|NR_180797.1|	97.297	444	12	0	3	446	343	786	0.0	754	2605778
d2aa0a3562c906dd2af9db69d1b58454	gi|2363082819|ref|NR_179658.1|	97.297	444	12	0	3	446	350	793	0.0	754	2086584
0d987e4251827a0fdbc47d38af205e1c	gi|636560108|ref|NR_116168.1|	99.574	469	2	0	3	471	332	800	0.0	856	888828
0d987e4251827a0fdbc47d38af205e1c	gi|343202529|ref|NR_042878.1|	99.574	469	2	0	3	471	311	779	0.0	856	888828
0d987e4251827a0fdbc47d38af205e1c	gi|645321895|ref|NR_118762.1|	98.081	469	9	0	3	471	335	803	0.0	830	888828
0d987e4251827a0fdbc47d38af205e1c	gi|645321093|ref|NR_118143.1|	98.294	469	8	0	3	471	313	781	0.0	824	1035839
0d987e4251827a0fdbc47d38af205e1c	gi|219878284|ref|NR_025423.1|	97.655	469	11	0	3	471	316	784	0.0	806	249188
0d987e4251827a0fdbc47d38af205e1c	gi|3248465850|ref|NR_201865.1|	96.391	471	13	4	3	471	258	726	0.0	773	3414265
0d987e4251827a0fdbc47d38af205e1c	gi|343202522|ref|NR_042871.1|	96.162	469	18	0	3	471	313	781	0.0	771	123820
0d987e4251827a0fdbc47d38af205e1c	gi|1491522540|ref|NR_159347.1|	96.162	469	18	0	3	471	337	805	0.0	771	28161
0d987e4251827a0fdbc47d38af205e1c	gi|694281134|ref|NR_115546.2|	96.178	471	14	4	3	471	341	809	0.0	767	715
0d987e4251827a0fdbc47d38af205e1c	gi|636559161|ref|NR_115218.1|	96.178	471	14	4	3	471	311	779	0.0	767	157339
3fe58188f06c66c0c4b74222d49b1c17	gi|343200677|ref|NR_041364.1|	98.491	464	7	0	3	466	334	797	0.0	819	1002367
3fe58188f06c66c0c4b74222d49b1c17	gi|631252122|ref|NR_113320.1|	91.828	465	36	2	3	466	336	799	0.0	647	1236516
3fe58188f06c66c0c4b74222d49b1c17	gi|636560772|ref|NR_116832.1|	91.828	465	36	2	3	466	316	779	0.0	647	1236516
3fe58188f06c66c0c4b74222d49b1c17	gi|219857187|ref|NR_024815.1|	91.845	466	34	4	3	466	336	799	0.0	647	228603
3fe58188f06c66c0c4b74222d49b1c17	gi|2363080041|ref|NR_178237.1|	91.649	467	35	4	3	467	327	791	0.0	643	2801997
3fe58188f06c66c0c4b74222d49b1c17	gi|631251924|ref|NR_113122.1|	91.649	467	35	4	3	467	336	800	0.0	643	185294
3fe58188f06c66c0c4b74222d49b1c17	gi|631251898|ref|NR_113096.1|	91.613	465	39	0	3	467	336	800	0.0	643	28125
3fe58188f06c66c0c4b74222d49b1c17	gi|631251894|ref|NR_113092.1|	91.667	468	33	5	3	467	326	790	0.0	643	77768
3fe58188f06c66c0c4b74222d49b1c17	gi|219878161|ref|NR_025300.1|	91.667	468	33	5	3	467	338	802	0.0	643	77768
3fe58188f06c66c0c4b74222d49b1c17	gi|631251911|ref|NR_113109.1|	91.649	467	33	6	3	466	322	785	0.0	641	840
ab8297ece7990783d8731063bf6dbf81	gi|2363082679|ref|NR_179587.1|	96.396	444	16	0	3	446	325	768	0.0	732	1926283
ab8297ece7990783d8731063bf6dbf81	gi|1193829153|ref|NR_147396.1|	96.396	444	16	0	3	446	325	768	0.0	732	1917870
ab8297ece7990783d8731063bf6dbf81	gi|2363081854|ref|NR_179173.1|	96.396	444	16	0	3	446	330	773	0.0	732	2126740
ab8297ece7990783d8731063bf6dbf81	gi|2836274880|ref|NR_197643.1|	95.946	444	18	0	3	446	326	769	0.0	721	2962432
ab8297ece7990783d8731063bf6dbf81	gi|1384992332|ref|NR_156081.1|	95.946	444	18	0	3	446	333	776	0.0	721	1469948
ab8297ece7990783d8731063bf6dbf81	gi|1384992329|ref|NR_156078.1|	95.946	444	18	0	3	446	333	776	0.0	721	1469948
ab8297ece7990783d8731063bf6dbf81	gi|2363080261|ref|NR_178356.1|	95.946	444	18	0	3	446	310	753	0.0	721	558153
ab8297ece7990783d8731063bf6dbf81	gi|310975204|ref|NR_037068.1|	95.946	444	18	0	3	446	338	781	0.0	721	29375
ab8297ece7990783d8731063bf6dbf81	gi|219846508|ref|NR_026100.1|	95.946	444	18	0	3	446	320	763	0.0	721	1286362
ab8297ece7990783d8731063bf6dbf81	gi|343201474|ref|NR_042200.1|	95.946	444	18	0	3	446	315	758	0.0	721	333367
40339cde6a8d7d88c69dcaf61a0db09f	gi|444304209|ref|NR_074634.1|	99.775	444	1	0	3	446	347	790	0.0	815	515619
40339cde6a8d7d88c69dcaf61a0db09f	gi|343198540|ref|NR_042832.1|	98.652	445	5	1	3	446	327	771	0.0	787	301302
40339cde6a8d7d88c69dcaf61a0db09f	gi|1227086116|ref|NR_148619.1|	98.206	446	6	2	3	446	298	743	0.0	778	1712665
40339cde6a8d7d88c69dcaf61a0db09f	gi|645320588|ref|NR_117758.1|	97.758	446	8	1	3	446	319	764	0.0	767	166486
40339cde6a8d7d88c69dcaf61a0db09f	gi|228716944|ref|NR_027557.1|	97.758	446	8	1	3	446	340	785	0.0	767	536231
40339cde6a8d7d88c69dcaf61a0db09f	gi|444439494|ref|NR_074809.1|	97.753	445	9	1	3	446	347	791	0.0	765	585394
40339cde6a8d7d88c69dcaf61a0db09f	gi|343201282|ref|NR_042008.1|	97.528	445	9	2	3	446	338	781	0.0	760	585394
40339cde6a8d7d88c69dcaf61a0db09f	gi|2363085153|ref|NR_180825.1|	97.303	445	11	1	3	446	344	788	0.0	754	2605790
40339cde6a8d7d88c69dcaf61a0db09f	gi|219846723|ref|NR_026315.1|	97.297	444	12	0	3	446	314	757	0.0	754	46206
40339cde6a8d7d88c69dcaf61a0db09f	gi|2363086282|ref|NR_181393.1|	97.072	444	13	0	3	446	287	730	0.0	749	2763664
57b927c0e622aed7482b17fd61ad1174	gi|1116030282|ref|NR_144740.1|	99.549	443	2	0	3	445	318	760	0.0	808	1776391
57b927c0e622aed7482b17fd61ad1174	gi|974142280|ref|NR_134800.1|	98.871	443	5	0	3	445	252	694	0.0	791	1368474
57b927c0e622aed7482b17fd61ad1174	gi|672239008|ref|NR_125597.1|	98.202	445	6	2	3	445	315	759	0.0	776	1115758
57b927c0e622aed7482b17fd61ad1174	gi|2363083072|ref|NR_179784.1|	98.194	443	8	0	3	445	298	740	0.0	774	2020948
57b927c0e622aed7482b17fd61ad1174	gi|2363082877|ref|NR_179687.1|	97.517	443	11	0	3	445	270	712	0.0	758	2662455
57b927c0e622aed7482b17fd61ad1174	gi|1230874654|ref|NR_148815.1|	97.517	443	11	0	3	445	316	758	0.0	758	1629550
57b927c0e622aed7482b17fd61ad1174	gi|631252125|ref|NR_113323.1|	97.517	443	11	0	3	445	316	758	0.0	758	1490
57b927c0e622aed7482b17fd61ad1174	gi|1269785414|ref|NR_118728.2|	97.291	443	12	0	3	445	327	769	0.0	756	1121325
57b927c0e622aed7482b17fd61ad1174	gi|631250974|ref|NR_112171.1|	97.291	443	12	0	3	445	306	748	0.0	752	1490
57b927c0e622aed7482b17fd61ad1174	gi|1040567059|ref|NR_137408.1|	97.065	443	13	0	3	445	287	729	0.0	747	1460447
3c1c4ed95a0d1730370534b504157e85	gi|631251740|ref|NR_112938.1|	99.569	464	2	0	3	466	323	786	0.0	846	204516
3c1c4ed95a0d1730370534b504157e85	gi|343198509|ref|NR_042745.1|	99.569	464	2	0	3	466	335	798	0.0	846	204516
3c1c4ed95a0d1730370534b504157e85	gi|343200626|ref|NR_041313.1|	95.259	464	22	0	3	466	337	800	0.0	736	338188
3c1c4ed95a0d1730370534b504157e85	gi|2363084421|ref|NR_180458.1|	94.612	464	25	0	3	466	337	800	0.0	719	2650157
3c1c4ed95a0d1730370534b504157e85	gi|636560121|ref|NR_116181.1|	94.612	464	24	1	3	466	330	792	0.0	717	28116
3c1c4ed95a0d1730370534b504157e85	gi|631251749|ref|NR_112947.1|	94.409	465	24	2	3	466	323	786	0.0	715	657309
3c1c4ed95a0d1730370534b504157e85	gi|1491509587|ref|NR_159118.1|	94.397	464	26	0	3	466	307	770	0.0	713	28116
3c1c4ed95a0d1730370534b504157e85	gi|1491509586|ref|NR_159117.1|	94.397	464	26	0	3	466	298	761	0.0	713	28116
3c1c4ed95a0d1730370534b504157e85	gi|2363085522|ref|NR_181010.1|	94.409	465	24	2	3	466	294	757	0.0	713	2786956
3c1c4ed95a0d1730370534b504157e85	gi|2363084431|ref|NR_180463.1|	94.409	465	24	2	3	466	337	800	0.0	713	2650158
e56e6e8a8d074ac01d0ae82ef25bf3ca	gi|636560687|ref|NR_116747.1|	99.324	444	3	0	3	446	298	741	0.0	804	1298596
e56e6e8a8d074ac01d0ae82ef25bf3ca	gi|2363085133|ref|NR_180815.1|	97.072	444	13	0	3	446	347	790	0.0	749	2606633
e56e6e8a8d074ac01d0ae82ef25bf3ca	gi|2363083556|ref|NR_180026.1|	97.072	444	13	0	3	446	345	788	0.0	749	2696678
e56e6e8a8d074ac01d0ae82ef25bf3ca	gi|1909404440|ref|NR_170495.1|	96.847	444	14	0	3	446	352	795	0.0	743	2509240
e56e6e8a8d074ac01d0ae82ef25bf3ca	gi|2363082374|ref|NR_179434.1|	96.847	444	14	0	3	446	346	789	0.0	743	1720300
e56e6e8a8d074ac01d0ae82ef25bf3ca	gi|228719063|ref|NR_027579.1|	96.622	444	15	0	3	446	313	756	0.0	743	471875
e56e6e8a8d074ac01d0ae82ef25bf3ca	gi|310974914|ref|NR_036777.1|	96.622	444	15	0	3	446	330	773	0.0	741	33039
e56e6e8a8d074ac01d0ae82ef25bf3ca	gi|631251356|ref|NR_112553.1|	96.629	445	14	1	3	446	345	789	0.0	737	342942
e56e6e8a8d074ac01d0ae82ef25bf3ca	gi|2363084846|ref|NR_180671.1|	96.171	444	17	0	3	446	60	503	0.0	726	2594882
e56e6e8a8d074ac01d0ae82ef25bf3ca	gi|2962412221|ref|NR_199415.1|	96.171	444	17	0	3	446	335	778	0.0	726	3136600
1bac4f102015fbf6d697ad6d24169e6f	gi|2363082288|ref|NR_179391.1|	98.198	444	8	0	3	446	329	772	0.0	776	1499684
1bac4f102015fbf6d697ad6d24169e6f	gi|1116030238|ref|NR_144696.1|	98.198	444	8	0	3	446	330	773	0.0	776	1414720
1bac4f102015fbf6d697ad6d24169e6f	gi|219846899|ref|NR_026491.1|	98.198	444	8	0	3	446	316	759	0.0	776	84024
1bac4f102015fbf6d697ad6d24169e6f	gi|219846557|ref|NR_026149.1|	97.748	444	10	0	3	446	322	765	0.0	765	36850
1bac4f102015fbf6d697ad6d24169e6f	gi|219846575|ref|NR_026167.1|	97.085	446	10	2	3	446	243	687	0.0	752	36834
1bac4f102015fbf6d697ad6d24169e6f	gi|631252127|ref|NR_113325.1|	96.847	444	14	0	3	446	330	773	0.0	743	1559
1bac4f102015fbf6d697ad6d24169e6f	gi|219846898|ref|NR_026490.1|	96.847	444	14	0	3	446	317	760	0.0	743	84031
1bac4f102015fbf6d697ad6d24169e6f	gi|310975222|ref|NR_037086.1|	96.847	444	14	0	3	446	313	756	0.0	743	1559
1bac4f102015fbf6d697ad6d24169e6f	gi|636558671|ref|NR_114728.1|	96.847	444	14	0	3	446	284	727	0.0	743	1559
1bac4f102015fbf6d697ad6d24169e6f	gi|219846429|ref|NR_026020.1|	96.622	444	15	0	3	446	330	773	0.0	737	1504
881c9db166bef426e02052ffb8ad1dfb	gi|343205678|ref|NR_044054.1|	99.775	444	1	0	3	446	294	737	0.0	815	1121115
881c9db166bef426e02052ffb8ad1dfb	gi|631253117|ref|NR_114315.1|	99.550	444	2	0	3	446	333	776	0.0	811	649762
881c9db166bef426e02052ffb8ad1dfb	gi|2363082685|ref|NR_179590.1|	99.326	445	2	1	3	446	324	768	0.0	806	1936059
881c9db166bef426e02052ffb8ad1dfb	gi|219846722|ref|NR_026314.1|	97.748	444	10	0	3	446	327	770	0.0	765	53443
881c9db166bef426e02052ffb8ad1dfb	gi|219846720|ref|NR_026312.1|	97.297	444	12	0	3	446	324	767	0.0	756	180164
881c9db166bef426e02052ffb8ad1dfb	gi|2363084170|ref|NR_180334.1|	97.297	444	12	0	3	446	250	693	0.0	754	2763028
881c9db166bef426e02052ffb8ad1dfb	gi|2363086300|ref|NR_181402.1|	97.297	444	12	0	3	446	297	740	0.0	754	2763028
881c9db166bef426e02052ffb8ad1dfb	gi|631252033|ref|NR_113231.1|	97.303	445	10	2	3	446	344	787	0.0	754	536633
881c9db166bef426e02052ffb8ad1dfb	gi|631251591|ref|NR_112789.1|	97.303	445	10	2	3	446	330	773	0.0	754	536633
881c9db166bef426e02052ffb8ad1dfb	gi|2363082673|ref|NR_179584.1|	97.079	445	11	2	3	446	324	767	0.0	749	1917888
6e7362c35cbe759b52a10844adc91ad9	gi|444439587|ref|NR_074902.1|	99.574	469	2	0	3	471	338	806	0.0	856	585054
6e7362c35cbe759b52a10844adc91ad9	gi|631252881|ref|NR_114079.1|	99.574	469	2	0	3	471	311	779	0.0	856	564
6e7362c35cbe759b52a10844adc91ad9	gi|559795236|ref|NR_104826.1|	99.574	469	2	0	3	471	318	786	0.0	856	624
6e7362c35cbe759b52a10844adc91ad9	gi|631251361|ref|NR_112558.1|	99.574	469	2	0	3	471	171	639	0.0	856	562
6e7362c35cbe759b52a10844adc91ad9	gi|228716249|ref|NR_027549.1|	99.574	469	2	0	3	471	304	772	0.0	856	585054
6e7362c35cbe759b52a10844adc91ad9	gi|219846739|ref|NR_026331.1|	99.574	469	2	0	3	471	319	787	0.0	856	623
6e7362c35cbe759b52a10844adc91ad9	gi|1018196593|ref|NR_136472.1|	99.362	470	3	0	3	472	331	800	0.0	852	1499973
6e7362c35cbe759b52a10844adc91ad9	gi|631252844|ref|NR_114042.1|	99.360	469	3	0	3	471	311	779	0.0	852	562
6e7362c35cbe759b52a10844adc91ad9	gi|219722938|ref|NR_024570.1|	99.360	469	3	0	3	471	329	797	0.0	852	562
6e7362c35cbe759b52a10844adc91ad9	gi|559795308|ref|NR_104901.1|	99.360	469	3	0	3	471	311	779	0.0	850	621
75a9d91ab66d5b18545bd6f20d541f3b	gi|631251745|ref|NR_112943.1|	99.353	464	3	0	3	466	323	786	0.0	841	449673
75a9d91ab66d5b18545bd6f20d541f3b	gi|224581415|ref|NR_027196.1|	98.491	464	7	0	3	466	314	777	0.0	821	449673
75a9d91ab66d5b18545bd6f20d541f3b	gi|631251867|ref|NR_113065.1|	97.198	464	13	0	3	466	335	798	0.0	785	762984
75a9d91ab66d5b18545bd6f20d541f3b	gi|631251695|ref|NR_112893.1|	97.198	464	13	0	3	466	315	778	0.0	785	762984
75a9d91ab66d5b18545bd6f20d541f3b	gi|2363086949|ref|NR_181731.1|	96.983	464	14	0	3	466	287	750	0.0	780	2834112
75a9d91ab66d5b18545bd6f20d541f3b	gi|343200620|ref|NR_041307.1|	96.983	464	14	0	3	466	331	794	0.0	780	329854
75a9d91ab66d5b18545bd6f20d541f3b	gi|631251735|ref|NR_112933.1|	96.559	465	14	2	3	466	331	794	0.0	769	246787
75a9d91ab66d5b18545bd6f20d541f3b	gi|2363086550|ref|NR_181532.1|	96.336	464	17	0	3	466	319	782	0.0	763	2763025
75a9d91ab66d5b18545bd6f20d541f3b	gi|343200761|ref|NR_041448.1|	96.336	464	17	0	3	466	319	782	0.0	763	376806
75a9d91ab66d5b18545bd6f20d541f3b	gi|631251747|ref|NR_112945.1|	95.905	464	19	0	3	466	324	787	0.0	752	820
87fcfa2c71922d0e88bee07acb079923	gi|265678578|ref|NR_028883.1|	99.101	445	3	1	3	446	223	667	0.0	798	88431
87fcfa2c71922d0e88bee07acb079923	gi|1397641798|ref|NR_156907.1|	96.637	446	11	4	3	446	345	788	0.0	737	1912855
87fcfa2c71922d0e88bee07acb079923	gi|265678482|ref|NR_028785.1|	96.629	445	13	2	3	446	348	791	0.0	737	29347
87fcfa2c71922d0e88bee07acb079923	gi|1109168023|ref|NR_144610.1|	96.404	445	14	2	3	446	336	779	0.0	732	1796622
87fcfa2c71922d0e88bee07acb079923	gi|645322565|ref|NR_119285.1|	96.404	445	14	2	3	446	322	765	0.0	732	29347
87fcfa2c71922d0e88bee07acb079923	gi|631250892|ref|NR_112089.1|	96.413	446	12	4	3	446	333	776	0.0	732	553973
87fcfa2c71922d0e88bee07acb079923	gi|310974936|ref|NR_036800.1|	96.404	445	14	2	3	446	323	766	0.0	732	411470
87fcfa2c71922d0e88bee07acb079923	gi|645321810|ref|NR_118690.1|	96.404	445	14	2	3	446	335	778	0.0	732	411470
87fcfa2c71922d0e88bee07acb079923	gi|224581401|ref|NR_024719.1|	96.413	446	11	5	3	446	338	780	0.0	730	89153
87fcfa2c71922d0e88bee07acb079923	gi|2363082765|ref|NR_179631.1|	96.171	444	17	0	3	446	345	788	0.0	726	2014528
c0379cb52bdada492b01c6bcc06af49e	gi|3248465636|ref|NR_201647.1|	99.324	444	3	0	3	446	297	740	0.0	804	3380806
c0379cb52bdada492b01c6bcc06af49e	gi|343198924|ref|NR_044048.1|	99.324	444	3	0	3	446	325	768	0.0	804	470146
c0379cb52bdada492b01c6bcc06af49e	gi|1116030277|ref|NR_144735.1|	98.874	444	5	0	3	446	347	790	0.0	793	1745713
c0379cb52bdada492b01c6bcc06af49e	gi|2363082603|ref|NR_179548.1|	97.072	444	13	0	3	446	345	788	0.0	750	1870993
c0379cb52bdada492b01c6bcc06af49e	gi|265678940|ref|NR_029248.1|	96.622	444	13	2	3	446	346	787	0.0	737	500632
c0379cb52bdada492b01c6bcc06af49e	gi|2363084846|ref|NR_180671.1|	95.946	444	18	0	3	446	60	503	0.0	721	2594882
c0379cb52bdada492b01c6bcc06af49e	gi|2962412221|ref|NR_199415.1|	95.946	444	18	0	3	446	335	778	0.0	721	3136600
c0379cb52bdada492b01c6bcc06af49e	gi|2363086021|ref|NR_181263.1|	95.946	444	18	0	3	446	331	774	0.0	721	2726362
c0379cb52bdada492b01c6bcc06af49e	gi|2363086282|ref|NR_181393.1|	95.740	446	15	4	3	446	287	730	0.0	715	2763664
c0379cb52bdada492b01c6bcc06af49e	gi|343203027|ref|NR_043551.1|	95.721	444	19	0	3	446	346	789	0.0	715	341220
c1b790fc33e485198b4a99302b98963c	gi|2363082841|ref|NR_179669.1|	99.574	469	2	0	3	471	357	825	0.0	856	2161821
c1b790fc33e485198b4a99302b98963c	gi|2363082109|ref|NR_179301.1|	99.574	469	2	0	3	471	341	809	0.0	856	2582419
c1b790fc33e485198b4a99302b98963c	gi|343200979|ref|NR_041666.1|	96.588	469	16	0	3	471	333	801	0.0	778	742743
c1b790fc33e485198b4a99302b98963c	gi|343198671|ref|NR_043231.1|	95.319	470	20	2	3	471	280	748	0.0	745	308994
c1b790fc33e485198b4a99302b98963c	gi|631252159|ref|NR_113357.1|	95.117	471	20	3	3	471	353	822	0.0	739	308994
c1b790fc33e485198b4a99302b98963c	gi|631252158|ref|NR_113356.1|	94.243	469	26	1	3	471	352	819	0.0	715	309120
c1b790fc33e485198b4a99302b98963c	gi|343198462|ref|NR_041895.1|	94.243	469	26	1	3	471	293	760	0.0	715	888062
c1b790fc33e485198b4a99302b98963c	gi|631252157|ref|NR_113355.1|	94.055	471	24	4	3	471	353	821	0.0	712	218538
c1b790fc33e485198b4a99302b98963c	gi|219846090|ref|NR_025680.1|	94.055	471	24	4	3	471	333	801	0.0	712	592028
c1b790fc33e485198b4a99302b98963c	gi|631252179|ref|NR_113377.1|	92.421	475	24	11	3	471	350	818	0.0	667	103892
1c2d7d1f69c3251dfb3489f5dc12a5e3	gi|219846519|ref|NR_026111.1|	92.964	469	33	0	3	471	336	804	0.0	684	33025
1c2d7d1f69c3251dfb3489f5dc12a5e3	gi|2363082805|ref|NR_179651.1|	92.373	472	30	6	3	471	347	815	0.0	667	2058289
1c2d7d1f69c3251dfb3489f5dc12a5e3	gi|2621112327|ref|NR_189230.1|	92.373	472	30	6	3	471	295	763	0.0	667	2897706
1c2d7d1f69c3251dfb3489f5dc12a5e3	gi|631251704|ref|NR_112902.1|	92.128	470	35	2	3	471	424	892	0.0	662	626940
1c2d7d1f69c3251dfb3489f5dc12a5e3	gi|2363082609|ref|NR_179551.1|	91.949	472	32	6	3	471	342	810	0.0	656	1871002
1c2d7d1f69c3251dfb3489f5dc12a5e3	gi|444439613|ref|NR_074928.1|	91.332	473	33	8	3	471	342	810	0.0	640	591001
1c2d7d1f69c3251dfb3489f5dc12a5e3	gi|343198461|ref|NR_041894.1|	91.295	471	37	4	3	471	283	751	0.0	640	187327
1c2d7d1f69c3251dfb3489f5dc12a5e3	gi|310975154|ref|NR_037018.1|	91.332	473	33	8	3	471	329	797	0.0	640	905
1c2d7d1f69c3251dfb3489f5dc12a5e3	gi|3248465909|ref|NR_201924.1|	91.102	472	36	6	3	471	330	798	0.0	638	3456956
1c2d7d1f69c3251dfb3489f5dc12a5e3	gi|2363082575|ref|NR_179534.1|	91.102	472	36	6	3	471	342	810	0.0	634	1852375
e9e9c0659e2acf2d66cae2d241ecd4fd	gi|2363085097|ref|NR_180797.1|	97.303	445	10	2	3	446	343	786	0.0	754	2605778
e9e9c0659e2acf2d66cae2d241ecd4fd	gi|2363082679|ref|NR_179587.1|	95.946	444	18	0	3	446	325	768	0.0	721	1926283
e9e9c0659e2acf2d66cae2d241ecd4fd	gi|2363081854|ref|NR_179173.1|	95.946	444	18	0	3	446	330	773	0.0	721	2126740
e9e9c0659e2acf2d66cae2d241ecd4fd	gi|2363086234|ref|NR_181369.1|	95.740	446	15	4	3	446	332	775	0.0	715	2784388
e9e9c0659e2acf2d66cae2d241ecd4fd	gi|1193829153|ref|NR_147396.1|	95.495	444	20	0	3	446	325	768	0.0	710	1917870
e9e9c0659e2acf2d66cae2d241ecd4fd	gi|631253128|ref|NR_114326.1|	95.516	446	16	4	3	446	331	774	0.0	710	1150298
e9e9c0659e2acf2d66cae2d241ecd4fd	gi|645321072|ref|NR_118128.1|	95.516	446	16	4	3	446	171	614	0.0	710	1531
e9e9c0659e2acf2d66cae2d241ecd4fd	gi|631252212|ref|NR_113410.1|	95.516	446	16	4	3	446	254	697	0.0	710	208479
e9e9c0659e2acf2d66cae2d241ecd4fd	gi|343201474|ref|NR_042200.1|	95.526	447	14	6	3	446	315	758	0.0	710	333367
e9e9c0659e2acf2d66cae2d241ecd4fd	gi|219878428|ref|NR_025567.1|	95.516	446	16	4	3	446	345	788	0.0	710	208479
66803a2d3c1fb3bfdb686756c86c9f30	gi|2260349424|ref|NR_176506.1|	99.786	468	1	0	3	470	312	779	0.0	859	1982626
66803a2d3c1fb3bfdb686756c86c9f30	gi|2260349423|ref|NR_176505.1|	98.718	468	6	0	3	470	311	778	0.0	832	1982628
66803a2d3c1fb3bfdb686756c86c9f30	gi|631253195|ref|NR_114393.1|	93.376	468	31	0	3	470	323	790	0.0	693	29348
66803a2d3c1fb3bfdb686756c86c9f30	gi|228720470|ref|NR_027592.1|	93.162	468	32	0	3	470	313	780	0.0	688	29348
66803a2d3c1fb3bfdb686756c86c9f30	gi|645322231|ref|NR_119030.1|	92.964	469	31	2	3	470	321	788	0.0	682	428126
66803a2d3c1fb3bfdb686756c86c9f30	gi|645322566|ref|NR_119286.1|	92.964	469	31	2	3	470	310	777	0.0	682	69824
66803a2d3c1fb3bfdb686756c86c9f30	gi|1109168034|ref|NR_144615.1|	92.585	472	27	7	3	470	313	780	0.0	671	1796628
66803a2d3c1fb3bfdb686756c86c9f30	gi|343203026|ref|NR_043550.1|	92.308	468	36	0	3	470	324	791	0.0	665	341225
66803a2d3c1fb3bfdb686756c86c9f30	gi|631252045|ref|NR_113243.1|	92.111	469	35	2	3	470	325	792	0.0	660	1547
66803a2d3c1fb3bfdb686756c86c9f30	gi|2363083393|ref|NR_179945.1|	91.915	470	34	3	3	470	277	744	0.0	654	2899121
eeace269425ab3f24442c9f115b91a48	gi|1193829138|ref|NR_147381.1|	95.532	470	19	2	3	471	329	797	0.0	750	1852381
eeace269425ab3f24442c9f115b91a48	gi|1193829159|ref|NR_147402.1|	93.404	470	29	2	3	471	329	797	0.0	695	1907660
eeace269425ab3f24442c9f115b91a48	gi|343200904|ref|NR_041591.1|	92.964	469	33	0	3	471	309	777	0.0	686	762967
eeace269425ab3f24442c9f115b91a48	gi|1193829158|ref|NR_147401.1|	92.537	469	35	0	3	471	329	797	0.0	675	1816689
eeace269425ab3f24442c9f115b91a48	gi|2363082045|ref|NR_179269.1|	92.537	469	35	0	3	471	317	785	0.0	675	2494234
eeace269425ab3f24442c9f115b91a48	gi|631252646|ref|NR_113844.1|	92.537	469	35	0	3	471	305	773	0.0	673	196015
eeace269425ab3f24442c9f115b91a48	gi|343200100|ref|NR_040787.1|	92.537	469	35	0	3	471	305	773	0.0	673	196015
eeace269425ab3f24442c9f115b91a48	gi|636558953|ref|NR_115010.1|	92.537	469	35	0	3	471	324	792	0.0	673	391358
eeace269425ab3f24442c9f115b91a48	gi|343198666|ref|NR_043226.1|	92.537	469	35	0	3	471	291	759	0.0	673	307483
eeace269425ab3f24442c9f115b91a48	gi|2180566390|ref|NR_174253.1|	92.340	470	34	2	3	471	325	793	0.0	667	2259674
3345941cae7d85f9a30f7fb6aa1ab205	gi|631251879|ref|NR_113077.1|	97.629	464	11	0	3	466	326	789	0.0	797	454154
3345941cae7d85f9a30f7fb6aa1ab205	gi|343200939|ref|NR_041626.1|	97.629	464	11	0	3	466	318	781	0.0	797	762968
3345941cae7d85f9a30f7fb6aa1ab205	gi|631251880|ref|NR_113078.1|	92.888	464	33	0	3	466	336	799	0.0	675	454155
3345941cae7d85f9a30f7fb6aa1ab205	gi|343200940|ref|NR_041627.1|	92.888	464	33	0	3	466	316	779	0.0	675	762982
3345941cae7d85f9a30f7fb6aa1ab205	gi|2363082635|ref|NR_179564.1|	88.841	466	47	5	3	465	335	798	1.75e-161	568	1903262
3345941cae7d85f9a30f7fb6aa1ab205	gi|2363086250|ref|NR_181377.1|	88.223	467	50	5	3	466	340	804	4.91e-157	553	2763138
3345941cae7d85f9a30f7fb6aa1ab205	gi|1146059112|ref|NR_145844.1|	88.223	467	48	6	3	465	336	799	1.77e-156	551	1411144
3345941cae7d85f9a30f7fb6aa1ab205	gi|631252155|ref|NR_113353.1|	87.768	466	52	4	3	465	335	798	3.82e-153	540	28119
3345941cae7d85f9a30f7fb6aa1ab205	gi|1116030289|ref|NR_144747.1|	87.393	468	52	5	3	466	334	798	2.30e-150	531	1841865
3345941cae7d85f9a30f7fb6aa1ab205	gi|2363086254|ref|NR_181379.1|	87.420	469	50	7	3	466	338	802	2.30e-150	531	2725562
9e33375f72a2e7ecd340ee6839f19008	gi|2363087247|ref|NR_181879.1|	87.794	467	48	7	3	464	282	744	1.37e-152	538	2880704
9e33375f72a2e7ecd340ee6839f19008	gi|1909404453|ref|NR_170508.1|	86.910	466	54	6	3	464	349	811	6.43e-146	516	2518971
9e33375f72a2e7ecd340ee6839f19008	gi|1909404454|ref|NR_170509.1|	86.938	467	52	8	3	464	344	806	6.43e-146	516	2530391
9e33375f72a2e7ecd340ee6839f19008	gi|2363087249|ref|NR_181880.1|	86.266	466	57	7	3	464	291	753	6.48e-141	499	2880703
9e33375f72a2e7ecd340ee6839f19008	gi|2363084366|ref|NR_180431.1|	86.081	467	57	8	3	464	347	810	8.38e-140	496	2530390
9e33375f72a2e7ecd340ee6839f19008	gi|2363084938|ref|NR_180717.1|	85.837	466	60	6	3	464	256	719	3.90e-138	490	2601703
9e33375f72a2e7ecd340ee6839f19008	gi|631251890|ref|NR_113088.1|	85.470	468	58	10	3	464	324	787	8.44e-135	479	111105
9e33375f72a2e7ecd340ee6839f19008	gi|219857464|ref|NR_025052.1|	85.470	468	58	10	3	464	312	775	8.44e-135	479	111105
9e33375f72a2e7ecd340ee6839f19008	gi|2363083455|ref|NR_179976.1|	85.470	468	57	9	3	464	286	748	3.03e-134	477	2094151
9e33375f72a2e7ecd340ee6839f19008	gi|1024974747|ref|NR_136788.1|	85.075	469	58	9	3	464	336	799	1.83e-131	468	1583331
09db5068a7e0ea7e5f89f951b66841ba	gi|343200656|ref|NR_041343.1|	99.569	464	2	0	3	466	337	800	0.0	846	46503
09db5068a7e0ea7e5f89f951b66841ba	gi|645322411|ref|NR_119166.1|	99.353	464	3	0	3	466	316	779	0.0	843	411477
09db5068a7e0ea7e5f89f951b66841ba	gi|343200777|ref|NR_041464.1|	97.629	464	11	0	3	466	337	800	0.0	797	387661
09db5068a7e0ea7e5f89f951b66841ba	gi|2363083816|ref|NR_180156.1|	96.767	464	15	0	3	466	288	751	0.0	774	2290935
09db5068a7e0ea7e5f89f951b66841ba	gi|2363086049|ref|NR_181277.1|	96.336	464	17	0	3	466	306	769	0.0	763	2753162
09db5068a7e0ea7e5f89f951b66841ba	gi|631251878|ref|NR_113076.1|	96.129	465	16	2	3	466	321	784	0.0	758	927665
09db5068a7e0ea7e5f89f951b66841ba	gi|343202832|ref|NR_043317.1|	96.129	465	16	2	3	466	281	744	0.0	758	328812
09db5068a7e0ea7e5f89f951b66841ba	gi|1811131517|ref|NR_165699.1|	95.690	464	20	0	3	466	333	796	0.0	747	2685834
09db5068a7e0ea7e5f89f951b66841ba	gi|2363082715|ref|NR_179605.1|	95.699	465	18	2	3	466	313	776	0.0	747	1944636
09db5068a7e0ea7e5f89f951b66841ba	gi|2363082619|ref|NR_179556.1|	95.474	464	21	0	3	466	313	776	0.0	741	1871013
787d4242b4ae3f7e13f52eb6595b0e80	gi|1811131545|ref|NR_165727.1|	99.330	448	3	0	3	450	355	802	0.0	811	2358141
787d4242b4ae3f7e13f52eb6595b0e80	gi|219846061|ref|NR_025651.1|	95.089	448	21	1	3	450	347	793	0.0	704	160404
787d4242b4ae3f7e13f52eb6595b0e80	gi|1445136073|ref|NR_158113.1|	94.432	449	22	3	3	450	325	771	0.0	688	433287
787d4242b4ae3f7e13f52eb6595b0e80	gi|631252210|ref|NR_113408.1|	93.527	448	28	1	3	450	348	794	0.0	665	28446
787d4242b4ae3f7e13f52eb6595b0e80	gi|2621112349|ref|NR_189253.1|	93.304	448	30	0	3	450	342	789	0.0	662	2918914
787d4242b4ae3f7e13f52eb6595b0e80	gi|265678961|ref|NR_029269.1|	93.304	448	28	2	3	450	347	792	0.0	660	28446
787d4242b4ae3f7e13f52eb6595b0e80	gi|219846558|ref|NR_026150.1|	93.080	448	29	2	3	450	347	792	0.0	654	36847
787d4242b4ae3f7e13f52eb6595b0e80	gi|645320791|ref|NR_117912.1|	92.857	448	31	1	3	450	322	768	0.0	649	879970
787d4242b4ae3f7e13f52eb6595b0e80	gi|1397641803|ref|NR_156912.1|	92.634	448	32	1	3	450	304	750	0.0	643	1450156
787d4242b4ae3f7e13f52eb6595b0e80	gi|1230874676|ref|NR_148837.1|	92.428	449	28	4	3	450	344	787	0.0	636	1675854
59c4e1a9dd2b621e510c8bb51e3d83b9	gi|2363086550|ref|NR_181532.1|	99.569	464	2	0	3	466	319	782	0.0	846	2763025
59c4e1a9dd2b621e510c8bb51e3d83b9	gi|631251747|ref|NR_112945.1|	99.138	464	4	0	3	466	324	787	0.0	835	820
59c4e1a9dd2b621e510c8bb51e3d83b9	gi|343200179|ref|NR_040866.1|	99.138	464	4	0	3	466	331	794	0.0	835	820
59c4e1a9dd2b621e510c8bb51e3d83b9	gi|2363082773|ref|NR_179635.1|	97.845	464	10	0	3	466	335	798	0.0	802	2024197
59c4e1a9dd2b621e510c8bb51e3d83b9	gi|631251874|ref|NR_113072.1|	97.198	464	13	0	3	466	335	798	0.0	785	1236512
59c4e1a9dd2b621e510c8bb51e3d83b9	gi|631251816|ref|NR_113014.1|	96.983	464	14	0	3	466	335	798	0.0	780	1236512
59c4e1a9dd2b621e510c8bb51e3d83b9	gi|343200620|ref|NR_041307.1|	96.552	464	16	0	3	466	331	794	0.0	769	329854
59c4e1a9dd2b621e510c8bb51e3d83b9	gi|631251735|ref|NR_112933.1|	96.336	464	17	0	3	466	331	794	0.0	763	246787
59c4e1a9dd2b621e510c8bb51e3d83b9	gi|2363082635|ref|NR_179564.1|	96.121	464	18	0	3	466	335	798	0.0	758	1903262
59c4e1a9dd2b621e510c8bb51e3d83b9	gi|631251870|ref|NR_113068.1|	96.154	468	10	4	3	466	333	796	0.0	758	763034
bc9de7a148d4233b4de865d2c95aac24	gi|2363082779|ref|NR_179638.1|	99.550	444	2	0	3	446	345	788	0.0	809	2040291
bc9de7a148d4233b4de865d2c95aac24	gi|545589044|ref|NR_044645.2|	98.649	444	6	0	3	446	352	795	0.0	795	39486
bc9de7a148d4233b4de865d2c95aac24	gi|1397641798|ref|NR_156907.1|	96.847	444	14	0	3	446	345	788	0.0	743	1912855
bc9de7a148d4233b4de865d2c95aac24	gi|1109168038|ref|NR_144617.1|	96.847	444	14	0	3	446	337	780	0.0	743	1796634
bc9de7a148d4233b4de865d2c95aac24	gi|2363086021|ref|NR_181263.1|	96.396	444	16	0	3	446	331	774	0.0	732	2726362
bc9de7a148d4233b4de865d2c95aac24	gi|343203027|ref|NR_043551.1|	96.171	444	17	0	3	446	346	789	0.0	726	341220
bc9de7a148d4233b4de865d2c95aac24	gi|3248465643|ref|NR_201655.1|	95.955	445	16	2	3	446	310	753	0.0	721	3380807
bc9de7a148d4233b4de865d2c95aac24	gi|2136551567|ref|NR_173570.1|	95.955	445	16	2	3	446	327	770	0.0	721	1912090
bc9de7a148d4233b4de865d2c95aac24	gi|2363082765|ref|NR_179631.1|	95.964	446	14	4	3	446	345	788	0.0	721	2014528
bc9de7a148d4233b4de865d2c95aac24	gi|631253194|ref|NR_114392.1|	95.955	445	16	2	3	446	347	790	0.0	721	1544
