453732802f91ddd53188a55759935d54	gi|343205678|ref|NR_044054.1|	99.551	445	2	0	1	445	294	738	0.0	811	1121115
453732802f91ddd53188a55759935d54	gi|631253117|ref|NR_114315.1|	99.326	445	3	0	1	445	333	777	0.0	808	649762
453732802f91ddd53188a55759935d54	gi|2363082685|ref|NR_179590.1|	99.103	446	3	1	1	445	324	769	0.0	802	1936059
453732802f91ddd53188a55759935d54	gi|219846722|ref|NR_026314.1|	97.528	445	11	0	1	445	327	771	0.0	761	53443
453732802f91ddd53188a55759935d54	gi|219846720|ref|NR_026312.1|	97.079	445	13	0	1	445	324	768	0.0	752	180164
453732802f91ddd53188a55759935d54	gi|2363084170|ref|NR_180334.1|	97.079	445	13	0	1	445	250	694	0.0	750	2763028
453732802f91ddd53188a55759935d54	gi|2363086300|ref|NR_181402.1|	97.079	445	13	0	1	445	297	741	0.0	750	2763028
453732802f91ddd53188a55759935d54	gi|631252033|ref|NR_113231.1|	97.085	446	11	2	1	445	344	788	0.0	750	536633
453732802f91ddd53188a55759935d54	gi|631251591|ref|NR_112789.1|	97.085	446	11	2	1	445	330	774	0.0	750	536633
453732802f91ddd53188a55759935d54	gi|2363082673|ref|NR_179584.1|	96.861	446	12	2	1	445	324	768	0.0	745	1917888
8251a8d6bd7576b0500dbcbf9d31c01f	gi|645321789|ref|NR_118673.1|	98.652	445	6	0	1	445	351	795	0.0	795	39488
8251a8d6bd7576b0500dbcbf9d31c01f	gi|2363080125|ref|NR_178281.1|	98.876	445	5	0	1	445	337	781	0.0	795	105843
8251a8d6bd7576b0500dbcbf9d31c01f	gi|219856842|ref|NR_024661.1|	94.831	445	23	0	1	445	358	802	0.0	695	42322
8251a8d6bd7576b0500dbcbf9d31c01f	gi|343198925|ref|NR_044049.1|	94.382	445	25	0	1	445	313	757	0.0	684	33043
8251a8d6bd7576b0500dbcbf9d31c01f	gi|2363086278|ref|NR_181391.1|	94.157	445	26	0	1	445	246	690	0.0	678	2763670
8251a8d6bd7576b0500dbcbf9d31c01f	gi|559795246|ref|NR_104836.1|	94.170	446	24	2	1	445	330	774	0.0	678	706562
8251a8d6bd7576b0500dbcbf9d31c01f	gi|645322302|ref|NR_119085.1|	94.170	446	22	3	1	445	344	786	0.0	676	29364
8251a8d6bd7576b0500dbcbf9d31c01f	gi|1277396183|ref|NR_151894.1|	93.960	447	23	4	1	445	332	776	0.0	673	433293
8251a8d6bd7576b0500dbcbf9d31c01f	gi|219846511|ref|NR_026103.1|	93.722	446	26	2	1	445	313	757	0.0	667	37658
8251a8d6bd7576b0500dbcbf9d31c01f	gi|645321792|ref|NR_118676.1|	93.258	445	30	0	1	445	367	811	0.0	665	39497
791467ba741fd69647cae97c3f0b7795	gi|343205678|ref|NR_044054.1|	99.326	445	3	0	1	445	294	738	0.0	806	1121115
791467ba741fd69647cae97c3f0b7795	gi|631253117|ref|NR_114315.1|	99.101	445	4	0	1	445	333	777	0.0	802	649762
791467ba741fd69647cae97c3f0b7795	gi|2363082685|ref|NR_179590.1|	98.879	446	4	1	1	445	324	769	0.0	797	1936059
791467ba741fd69647cae97c3f0b7795	gi|219846722|ref|NR_026314.1|	97.303	445	12	0	1	445	327	771	0.0	756	53443
791467ba741fd69647cae97c3f0b7795	gi|219846720|ref|NR_026312.1|	96.854	445	14	0	1	445	324	768	0.0	747	180164
791467ba741fd69647cae97c3f0b7795	gi|2363084170|ref|NR_180334.1|	96.854	445	14	0	1	445	250	694	0.0	745	2763028
791467ba741fd69647cae97c3f0b7795	gi|2363086300|ref|NR_181402.1|	96.854	445	14	0	1	445	297	741	0.0	745	2763028
791467ba741fd69647cae97c3f0b7795	gi|631252033|ref|NR_113231.1|	96.861	446	12	2	1	445	344	788	0.0	745	536633
791467ba741fd69647cae97c3f0b7795	gi|631251591|ref|NR_112789.1|	96.861	446	12	2	1	445	330	774	0.0	745	536633
791467ba741fd69647cae97c3f0b7795	gi|2363082673|ref|NR_179584.1|	96.637	446	13	2	1	445	324	768	0.0	739	1917888
5c3692eec9cf92623ee7f0964ecda8e6	gi|343205678|ref|NR_044054.1|	99.326	445	3	0	1	445	294	738	0.0	806	1121115
5c3692eec9cf92623ee7f0964ecda8e6	gi|631253117|ref|NR_114315.1|	99.101	445	4	0	1	445	333	777	0.0	802	649762
5c3692eec9cf92623ee7f0964ecda8e6	gi|2363082685|ref|NR_179590.1|	98.879	446	4	1	1	445	324	769	0.0	797	1936059
5c3692eec9cf92623ee7f0964ecda8e6	gi|219846722|ref|NR_026314.1|	97.303	445	12	0	1	445	327	771	0.0	756	53443
5c3692eec9cf92623ee7f0964ecda8e6	gi|219846720|ref|NR_026312.1|	96.854	445	14	0	1	445	324	768	0.0	747	180164
5c3692eec9cf92623ee7f0964ecda8e6	gi|2363084170|ref|NR_180334.1|	96.854	445	14	0	1	445	250	694	0.0	745	2763028
5c3692eec9cf92623ee7f0964ecda8e6	gi|2363086300|ref|NR_181402.1|	96.854	445	14	0	1	445	297	741	0.0	745	2763028
5c3692eec9cf92623ee7f0964ecda8e6	gi|631252033|ref|NR_113231.1|	96.861	446	12	2	1	445	344	788	0.0	745	536633
5c3692eec9cf92623ee7f0964ecda8e6	gi|631251591|ref|NR_112789.1|	96.861	446	12	2	1	445	330	774	0.0	745	536633
5c3692eec9cf92623ee7f0964ecda8e6	gi|2363082673|ref|NR_179584.1|	96.637	446	13	2	1	445	324	768	0.0	739	1917888
e19ef60a3d64bc63c5a750299fc49463	gi|559795255|ref|NR_104846.1|	96.413	446	15	1	1	446	285	729	0.0	734	745368
e19ef60a3d64bc63c5a750299fc49463	gi|265678692|ref|NR_028997.1|	95.526	447	18	2	1	446	300	745	0.0	713	214851
e19ef60a3d64bc63c5a750299fc49463	gi|3030611269|ref|NR_199945.1|	94.619	446	23	1	1	446	332	776	0.0	689	3435293
e19ef60a3d64bc63c5a750299fc49463	gi|265678656|ref|NR_028961.1|	94.170	446	25	1	1	446	324	768	0.0	678	853
e19ef60a3d64bc63c5a750299fc49463	gi|2363081451|ref|NR_178972.1|	93.946	446	26	1	1	446	282	726	0.0	673	1851428
e19ef60a3d64bc63c5a750299fc49463	gi|2363080123|ref|NR_178280.1|	93.946	446	26	1	1	446	328	772	0.0	673	411483
e19ef60a3d64bc63c5a750299fc49463	gi|2363081449|ref|NR_178971.1|	93.722	446	26	2	1	446	282	725	0.0	667	1851427
e19ef60a3d64bc63c5a750299fc49463	gi|2363082356|ref|NR_179425.1|	93.498	446	28	1	1	446	348	792	0.0	662	1689304
e19ef60a3d64bc63c5a750299fc49463	gi|1397641802|ref|NR_156911.1|	93.274	446	29	1	1	446	348	792	0.0	656	1650663
e19ef60a3d64bc63c5a750299fc49463	gi|2363082282|ref|NR_179388.1|	93.289	447	27	3	1	446	332	776	0.0	656	2935520
5c5e311537c4d68de35d48c9917b15ce	gi|343205678|ref|NR_044054.1|	99.775	445	1	0	1	445	294	738	0.0	817	1121115
5c5e311537c4d68de35d48c9917b15ce	gi|631253117|ref|NR_114315.1|	99.551	445	2	0	1	445	333	777	0.0	813	649762
5c5e311537c4d68de35d48c9917b15ce	gi|2363082685|ref|NR_179590.1|	99.327	446	2	1	1	445	324	769	0.0	808	1936059
5c5e311537c4d68de35d48c9917b15ce	gi|219846722|ref|NR_026314.1|	97.753	445	10	0	1	445	327	771	0.0	767	53443
5c5e311537c4d68de35d48c9917b15ce	gi|219846720|ref|NR_026312.1|	97.303	445	12	0	1	445	324	768	0.0	758	180164
5c5e311537c4d68de35d48c9917b15ce	gi|2363084170|ref|NR_180334.1|	97.303	445	12	0	1	445	250	694	0.0	756	2763028
5c5e311537c4d68de35d48c9917b15ce	gi|2363086300|ref|NR_181402.1|	97.303	445	12	0	1	445	297	741	0.0	756	2763028
5c5e311537c4d68de35d48c9917b15ce	gi|631252033|ref|NR_113231.1|	97.309	446	10	2	1	445	344	788	0.0	756	536633
5c5e311537c4d68de35d48c9917b15ce	gi|631251591|ref|NR_112789.1|	97.309	446	10	2	1	445	330	774	0.0	756	536633
5c5e311537c4d68de35d48c9917b15ce	gi|2363082673|ref|NR_179584.1|	97.085	446	11	2	1	445	324	768	0.0	750	1917888
b01ba9b28558d3eb4451a21ce162ff09	gi|343205678|ref|NR_044054.1|	99.775	445	1	0	1	445	294	738	0.0	817	1121115
b01ba9b28558d3eb4451a21ce162ff09	gi|631253117|ref|NR_114315.1|	99.551	445	2	0	1	445	333	777	0.0	813	649762
b01ba9b28558d3eb4451a21ce162ff09	gi|2363082685|ref|NR_179590.1|	99.327	446	2	1	1	445	324	769	0.0	808	1936059
b01ba9b28558d3eb4451a21ce162ff09	gi|219846722|ref|NR_026314.1|	97.753	445	10	0	1	445	327	771	0.0	767	53443
b01ba9b28558d3eb4451a21ce162ff09	gi|219846720|ref|NR_026312.1|	97.303	445	12	0	1	445	324	768	0.0	758	180164
b01ba9b28558d3eb4451a21ce162ff09	gi|2363084170|ref|NR_180334.1|	97.303	445	12	0	1	445	250	694	0.0	756	2763028
b01ba9b28558d3eb4451a21ce162ff09	gi|2363086300|ref|NR_181402.1|	97.303	445	12	0	1	445	297	741	0.0	756	2763028
b01ba9b28558d3eb4451a21ce162ff09	gi|631252033|ref|NR_113231.1|	97.309	446	10	2	1	445	344	788	0.0	756	536633
b01ba9b28558d3eb4451a21ce162ff09	gi|631251591|ref|NR_112789.1|	97.309	446	10	2	1	445	330	774	0.0	756	536633
b01ba9b28558d3eb4451a21ce162ff09	gi|2363082673|ref|NR_179584.1|	97.085	446	11	2	1	445	324	768	0.0	750	1917888
3cf108ad7b27312c30f181caacc71306	gi|2363080125|ref|NR_178281.1|	99.551	445	2	0	1	445	337	781	0.0	811	105843
3cf108ad7b27312c30f181caacc71306	gi|645321789|ref|NR_118673.1|	98.652	445	6	0	1	445	351	795	0.0	797	39488
3cf108ad7b27312c30f181caacc71306	gi|219856842|ref|NR_024661.1|	95.291	446	19	2	1	445	358	802	0.0	706	42322
3cf108ad7b27312c30f181caacc71306	gi|343198925|ref|NR_044049.1|	94.831	445	23	0	1	445	313	757	0.0	695	33043
3cf108ad7b27312c30f181caacc71306	gi|2363086278|ref|NR_181391.1|	94.619	446	22	2	1	445	246	690	0.0	689	2763670
3cf108ad7b27312c30f181caacc71306	gi|645322302|ref|NR_119085.1|	94.631	447	18	5	1	445	344	786	0.0	688	29364
3cf108ad7b27312c30f181caacc71306	gi|559795246|ref|NR_104836.1|	94.170	446	24	2	1	445	330	774	0.0	678	706562
3cf108ad7b27312c30f181caacc71306	gi|219846511|ref|NR_026103.1|	94.183	447	22	4	1	445	313	757	0.0	678	37658
3cf108ad7b27312c30f181caacc71306	gi|645321792|ref|NR_118676.1|	93.708	445	28	0	1	445	367	811	0.0	676	39497
3cf108ad7b27312c30f181caacc71306	gi|1277396381|ref|NR_152095.1|	93.722	446	26	2	1	445	345	789	0.0	667	1679721
1beb6fa94c01909e8682533903b818d3	gi|343205678|ref|NR_044054.1|	99.775	445	1	0	1	445	294	738	0.0	817	1121115
1beb6fa94c01909e8682533903b818d3	gi|631253117|ref|NR_114315.1|	99.551	445	2	0	1	445	333	777	0.0	813	649762
1beb6fa94c01909e8682533903b818d3	gi|2363082685|ref|NR_179590.1|	99.327	446	2	1	1	445	324	769	0.0	808	1936059
1beb6fa94c01909e8682533903b818d3	gi|219846722|ref|NR_026314.1|	97.753	445	10	0	1	445	327	771	0.0	767	53443
1beb6fa94c01909e8682533903b818d3	gi|219846720|ref|NR_026312.1|	97.303	445	12	0	1	445	324	768	0.0	758	180164
1beb6fa94c01909e8682533903b818d3	gi|2363084170|ref|NR_180334.1|	97.303	445	12	0	1	445	250	694	0.0	756	2763028
1beb6fa94c01909e8682533903b818d3	gi|2363086300|ref|NR_181402.1|	97.303	445	12	0	1	445	297	741	0.0	756	2763028
1beb6fa94c01909e8682533903b818d3	gi|631252033|ref|NR_113231.1|	97.309	446	10	2	1	445	344	788	0.0	756	536633
1beb6fa94c01909e8682533903b818d3	gi|631251591|ref|NR_112789.1|	97.309	446	10	2	1	445	330	774	0.0	756	536633
1beb6fa94c01909e8682533903b818d3	gi|2363082673|ref|NR_179584.1|	97.085	446	11	2	1	445	324	768	0.0	750	1917888
cd31471f0de0169f62f88a08bb7e1afb	gi|645321813|ref|NR_118692.1|	99.101	445	3	1	1	445	311	754	0.0	800	411459
cd31471f0de0169f62f88a08bb7e1afb	gi|2363084170|ref|NR_180334.1|	98.202	445	8	0	1	445	250	694	0.0	778	2763028
cd31471f0de0169f62f88a08bb7e1afb	gi|2363086300|ref|NR_181402.1|	98.202	445	8	0	1	445	297	741	0.0	778	2763028
cd31471f0de0169f62f88a08bb7e1afb	gi|219846720|ref|NR_026312.1|	97.528	445	11	0	1	445	324	768	0.0	763	180164
cd31471f0de0169f62f88a08bb7e1afb	gi|631252033|ref|NR_113231.1|	97.528	445	11	0	1	445	344	788	0.0	761	536633
cd31471f0de0169f62f88a08bb7e1afb	gi|631251591|ref|NR_112789.1|	97.528	445	11	0	1	445	330	774	0.0	761	536633
cd31471f0de0169f62f88a08bb7e1afb	gi|1109168017|ref|NR_144607.1|	97.303	445	12	0	1	445	279	723	0.0	756	1796615
cd31471f0de0169f62f88a08bb7e1afb	gi|343201234|ref|NR_041960.1|	97.309	446	11	1	1	445	219	664	0.0	756	89014
cd31471f0de0169f62f88a08bb7e1afb	gi|645320731|ref|NR_117867.1|	97.303	445	12	0	1	445	297	741	0.0	756	871664
cd31471f0de0169f62f88a08bb7e1afb	gi|343205678|ref|NR_044054.1|	97.303	445	12	0	1	445	294	738	0.0	756	1121115
90b7ee63f32ea9677eab2ae27fe3b02f	gi|1116030282|ref|NR_144740.1|	99.550	444	2	0	1	444	318	761	0.0	809	1776391
90b7ee63f32ea9677eab2ae27fe3b02f	gi|974142280|ref|NR_134800.1|	98.874	444	5	0	1	444	252	695	0.0	793	1368474
90b7ee63f32ea9677eab2ae27fe3b02f	gi|672239008|ref|NR_125597.1|	98.206	446	6	2	1	444	315	760	0.0	778	1115758
90b7ee63f32ea9677eab2ae27fe3b02f	gi|2363083072|ref|NR_179784.1|	98.198	444	8	0	1	444	298	741	0.0	776	2020948
90b7ee63f32ea9677eab2ae27fe3b02f	gi|2363082877|ref|NR_179687.1|	97.523	444	11	0	1	444	270	713	0.0	760	2662455
90b7ee63f32ea9677eab2ae27fe3b02f	gi|1230874654|ref|NR_148815.1|	97.523	444	11	0	1	444	316	759	0.0	760	1629550
90b7ee63f32ea9677eab2ae27fe3b02f	gi|631252125|ref|NR_113323.1|	97.523	444	11	0	1	444	316	759	0.0	760	1490
90b7ee63f32ea9677eab2ae27fe3b02f	gi|1269785414|ref|NR_118728.2|	97.297	444	12	0	1	444	327	770	0.0	758	1121325
90b7ee63f32ea9677eab2ae27fe3b02f	gi|631250974|ref|NR_112171.1|	97.297	444	12	0	1	444	306	749	0.0	754	1490
90b7ee63f32ea9677eab2ae27fe3b02f	gi|1040567059|ref|NR_137408.1|	97.072	444	13	0	1	444	287	730	0.0	749	1460447
7796f71d6c39d7def7438887cef24893	gi|2363080125|ref|NR_178281.1|	99.326	445	3	0	1	445	337	781	0.0	806	105843
7796f71d6c39d7def7438887cef24893	gi|645321789|ref|NR_118673.1|	98.427	445	7	0	1	445	351	795	0.0	791	39488
7796f71d6c39d7def7438887cef24893	gi|219856842|ref|NR_024661.1|	95.067	446	20	2	1	445	358	802	0.0	701	42322
7796f71d6c39d7def7438887cef24893	gi|645322302|ref|NR_119085.1|	94.855	447	17	5	1	445	344	786	0.0	693	29364
7796f71d6c39d7def7438887cef24893	gi|343198925|ref|NR_044049.1|	94.607	445	24	0	1	445	313	757	0.0	689	33043
7796f71d6c39d7def7438887cef24893	gi|2363086278|ref|NR_181391.1|	94.395	446	23	2	1	445	246	690	0.0	684	2763670
7796f71d6c39d7def7438887cef24893	gi|645321783|ref|NR_118669.1|	93.289	447	26	4	1	445	352	796	0.0	673	39479
7796f71d6c39d7def7438887cef24893	gi|559795246|ref|NR_104836.1|	93.946	446	25	2	1	445	330	774	0.0	673	706562
7796f71d6c39d7def7438887cef24893	gi|219846511|ref|NR_026103.1|	93.960	447	23	4	1	445	313	757	0.0	673	37658
7796f71d6c39d7def7438887cef24893	gi|645321792|ref|NR_118676.1|	93.483	445	29	0	1	445	367	811	0.0	671	39497
aea12746346e8064fb8b61ef0a5d950d	gi|2363080123|ref|NR_178280.1|	99.551	445	2	0	1	445	328	772	0.0	811	411483
aea12746346e8064fb8b61ef0a5d950d	gi|2363081449|ref|NR_178971.1|	99.101	445	3	1	1	445	282	725	0.0	798	1851427
aea12746346e8064fb8b61ef0a5d950d	gi|265678656|ref|NR_028961.1|	98.876	445	5	0	1	445	324	768	0.0	795	853
aea12746346e8064fb8b61ef0a5d950d	gi|2363081451|ref|NR_178972.1|	98.652	445	6	0	1	445	282	726	0.0	789	1851428
aea12746346e8064fb8b61ef0a5d950d	gi|3030611269|ref|NR_199945.1|	98.427	445	7	0	1	445	332	776	0.0	784	3435293
aea12746346e8064fb8b61ef0a5d950d	gi|2363082282|ref|NR_179388.1|	97.982	446	7	2	1	445	332	776	0.0	773	2935520
aea12746346e8064fb8b61ef0a5d950d	gi|2363080175|ref|NR_178311.1|	97.303	445	12	0	1	445	409	853	0.0	756	2903556
aea12746346e8064fb8b61ef0a5d950d	gi|2363084747|ref|NR_180622.1|	93.274	446	28	2	1	445	332	776	0.0	656	2779354
aea12746346e8064fb8b61ef0a5d950d	gi|559795255|ref|NR_104846.1|	93.034	445	31	0	1	445	285	729	0.0	651	745368
aea12746346e8064fb8b61ef0a5d950d	gi|1277396189|ref|NR_151900.1|	92.584	445	33	0	1	445	348	792	0.0	640	1550024
2120a0c1926f44c417e489c9ac255b7e	gi|1679775916|ref|NR_163638.1|	99.551	445	2	0	1	445	325	769	0.0	811	2025493
2120a0c1926f44c417e489c9ac255b7e	gi|1679775915|ref|NR_163637.1|	99.551	445	2	0	1	445	325	769	0.0	811	2025493
2120a0c1926f44c417e489c9ac255b7e	gi|1679775914|ref|NR_163636.1|	99.551	445	2	0	1	445	325	769	0.0	811	2025493
2120a0c1926f44c417e489c9ac255b7e	gi|1679775913|ref|NR_163635.1|	99.551	445	2	0	1	445	325	769	0.0	811	2025493
2120a0c1926f44c417e489c9ac255b7e	gi|1679775912|ref|NR_163634.1|	99.551	445	2	0	1	445	325	769	0.0	811	2025493
2120a0c1926f44c417e489c9ac255b7e	gi|1193829152|ref|NR_147395.1|	99.551	445	2	0	1	445	345	789	0.0	811	1917868
2120a0c1926f44c417e489c9ac255b7e	gi|2363081194|ref|NR_178840.1|	99.551	445	2	0	1	445	345	789	0.0	811	1796616
2120a0c1926f44c417e489c9ac255b7e	gi|559795101|ref|NR_104687.1|	99.551	445	2	0	1	445	345	789	0.0	811	537007
2120a0c1926f44c417e489c9ac255b7e	gi|631252072|ref|NR_113270.1|	99.326	445	3	0	1	445	345	789	0.0	806	1121114
2120a0c1926f44c417e489c9ac255b7e	gi|645320731|ref|NR_117867.1|	99.326	445	3	0	1	445	297	741	0.0	806	871664
ef6c8993d210b197463b615a4940d0e5	gi|444439587|ref|NR_074902.1|	99.574	470	2	0	1	470	338	807	0.0	857	585054
ef6c8993d210b197463b615a4940d0e5	gi|631252881|ref|NR_114079.1|	99.574	470	2	0	1	470	311	780	0.0	857	564
ef6c8993d210b197463b615a4940d0e5	gi|559795236|ref|NR_104826.1|	99.574	470	2	0	1	470	318	787	0.0	857	624
ef6c8993d210b197463b615a4940d0e5	gi|631251361|ref|NR_112558.1|	99.574	470	2	0	1	470	171	640	0.0	857	562
ef6c8993d210b197463b615a4940d0e5	gi|228716249|ref|NR_027549.1|	99.574	470	2	0	1	470	304	773	0.0	857	585054
ef6c8993d210b197463b615a4940d0e5	gi|219846739|ref|NR_026331.1|	99.574	470	2	0	1	470	319	788	0.0	857	623
ef6c8993d210b197463b615a4940d0e5	gi|631252844|ref|NR_114042.1|	99.362	470	3	0	1	470	311	780	0.0	854	562
ef6c8993d210b197463b615a4940d0e5	gi|219722938|ref|NR_024570.1|	99.362	470	3	0	1	470	329	798	0.0	854	562
ef6c8993d210b197463b615a4940d0e5	gi|559795308|ref|NR_104901.1|	99.362	470	3	0	1	470	311	780	0.0	852	621
ef6c8993d210b197463b615a4940d0e5	gi|219846740|ref|NR_026332.1|	99.362	470	3	0	1	470	318	787	0.0	852	622
9d584244da4b1f4b302863c5cdbeed03	gi|566085203|ref|NR_109014.1|	98.427	445	7	0	1	445	192	636	0.0	784	871665
9d584244da4b1f4b302863c5cdbeed03	gi|2363082673|ref|NR_179584.1|	98.202	445	8	0	1	445	324	768	0.0	778	1917888
9d584244da4b1f4b302863c5cdbeed03	gi|631252033|ref|NR_113231.1|	97.534	446	9	2	1	445	344	788	0.0	761	536633
9d584244da4b1f4b302863c5cdbeed03	gi|631251591|ref|NR_112789.1|	97.534	446	9	2	1	445	330	774	0.0	761	536633
9d584244da4b1f4b302863c5cdbeed03	gi|219846720|ref|NR_026312.1|	97.079	445	13	0	1	445	324	768	0.0	752	180164
9d584244da4b1f4b302863c5cdbeed03	gi|2363084170|ref|NR_180334.1|	96.854	445	14	0	1	445	250	694	0.0	745	2763028
9d584244da4b1f4b302863c5cdbeed03	gi|631253117|ref|NR_114315.1|	96.854	445	14	0	1	445	333	777	0.0	745	649762
9d584244da4b1f4b302863c5cdbeed03	gi|2363086300|ref|NR_181402.1|	96.854	445	14	0	1	445	297	741	0.0	745	2763028
9d584244da4b1f4b302863c5cdbeed03	gi|645320731|ref|NR_117867.1|	96.854	445	14	0	1	445	297	741	0.0	745	871664
9d584244da4b1f4b302863c5cdbeed03	gi|343205678|ref|NR_044054.1|	96.854	445	14	0	1	445	294	738	0.0	745	1121115
6eaa7a502906c819c31989cddbfbbf30	gi|631253128|ref|NR_114326.1|	99.551	445	2	0	1	445	331	775	0.0	811	1150298
6eaa7a502906c819c31989cddbfbbf30	gi|2363087259|ref|NR_181885.1|	96.854	445	14	0	1	445	332	776	0.0	747	2885351
6eaa7a502906c819c31989cddbfbbf30	gi|974142252|ref|NR_134772.1|	96.629	445	15	0	1	445	294	738	0.0	739	1337051
6eaa7a502906c819c31989cddbfbbf30	gi|343205837|ref|NR_044289.1|	96.404	445	16	0	1	445	325	769	0.0	734	460384
6eaa7a502906c819c31989cddbfbbf30	gi|3030611230|ref|NR_199906.1|	96.180	445	17	0	1	445	351	795	0.0	728	3123317
6eaa7a502906c819c31989cddbfbbf30	gi|2363085103|ref|NR_180800.1|	96.180	445	17	0	1	445	344	788	0.0	728	2652274
6eaa7a502906c819c31989cddbfbbf30	gi|3030611314|ref|NR_199990.1|	96.180	445	17	0	1	445	347	791	0.0	728	3123317
6eaa7a502906c819c31989cddbfbbf30	gi|1384992331|ref|NR_156080.1|	96.180	445	17	0	1	445	333	777	0.0	728	1469948
6eaa7a502906c819c31989cddbfbbf30	gi|1384992328|ref|NR_156077.1|	96.180	445	17	0	1	445	333	777	0.0	728	1469948
6eaa7a502906c819c31989cddbfbbf30	gi|1116030273|ref|NR_144731.1|	96.180	445	17	0	1	445	344	788	0.0	728	1720294
dff60bd38fbc6958415798f974f5bdd8	gi|559795255|ref|NR_104846.1|	98.652	445	6	0	1	445	285	729	0.0	789	745368
dff60bd38fbc6958415798f974f5bdd8	gi|265678692|ref|NR_028997.1|	98.206	446	7	1	1	445	300	745	0.0	778	214851
dff60bd38fbc6958415798f974f5bdd8	gi|2363084747|ref|NR_180622.1|	94.382	445	25	0	1	445	332	776	0.0	684	2779354
dff60bd38fbc6958415798f974f5bdd8	gi|1397641802|ref|NR_156911.1|	93.933	445	27	0	1	445	348	792	0.0	673	1650663
dff60bd38fbc6958415798f974f5bdd8	gi|1277396189|ref|NR_151900.1|	93.483	445	29	0	1	445	348	792	0.0	662	1550024
dff60bd38fbc6958415798f974f5bdd8	gi|3030611269|ref|NR_199945.1|	93.258	445	30	0	1	445	332	776	0.0	656	3435293
dff60bd38fbc6958415798f974f5bdd8	gi|2363082282|ref|NR_179388.1|	93.258	445	30	0	1	445	332	776	0.0	656	2935520
dff60bd38fbc6958415798f974f5bdd8	gi|265678656|ref|NR_028961.1|	93.258	445	30	0	1	445	324	768	0.0	656	853
dff60bd38fbc6958415798f974f5bdd8	gi|2363082356|ref|NR_179425.1|	92.825	446	30	2	1	445	348	792	0.0	645	1689304
dff60bd38fbc6958415798f974f5bdd8	gi|2363081451|ref|NR_178972.1|	92.809	445	32	0	1	445	282	726	0.0	645	1851428
a7b62dc43d8d6284b32b818968f1a0ab	gi|943392602|ref|NR_117139.2|	99.326	445	3	0	1	445	343	787	0.0	806	649756
a7b62dc43d8d6284b32b818968f1a0ab	gi|943392601|ref|NR_117138.2|	99.326	445	3	0	1	445	343	787	0.0	806	649756
a7b62dc43d8d6284b32b818968f1a0ab	gi|559795210|ref|NR_104799.1|	99.326	445	3	0	1	445	335	779	0.0	806	649756
a7b62dc43d8d6284b32b818968f1a0ab	gi|2363085925|ref|NR_181215.1|	98.876	445	5	0	1	445	328	772	0.0	795	2738446
a7b62dc43d8d6284b32b818968f1a0ab	gi|631252121|ref|NR_113319.1|	97.534	446	9	2	1	445	347	791	0.0	761	645466
a7b62dc43d8d6284b32b818968f1a0ab	gi|636560803|ref|NR_116863.1|	97.315	447	9	3	1	445	334	779	0.0	756	645466
a7b62dc43d8d6284b32b818968f1a0ab	gi|2363081778|ref|NR_179135.1|	95.964	446	17	1	1	445	327	772	0.0	723	2025494
a7b62dc43d8d6284b32b818968f1a0ab	gi|2363087251|ref|NR_181881.1|	95.964	446	17	1	1	445	304	749	0.0	723	2880702
a7b62dc43d8d6284b32b818968f1a0ab	gi|265678610|ref|NR_028915.1|	95.749	447	17	2	1	445	312	758	0.0	719	105841
a7b62dc43d8d6284b32b818968f1a0ab	gi|2363080591|ref|NR_178536.1|	95.495	444	19	1	1	443	283	726	0.0	708	1229621
8fd8912c803390244ec6e3c2fef1b651	gi|636560687|ref|NR_116747.1|	99.551	445	2	0	1	445	298	742	0.0	811	1298596
8fd8912c803390244ec6e3c2fef1b651	gi|2363085133|ref|NR_180815.1|	97.303	445	12	0	1	445	347	791	0.0	756	2606633
8fd8912c803390244ec6e3c2fef1b651	gi|2363083556|ref|NR_180026.1|	97.303	445	12	0	1	445	345	789	0.0	756	2696678
8fd8912c803390244ec6e3c2fef1b651	gi|1909404440|ref|NR_170495.1|	97.079	445	13	0	1	445	352	796	0.0	750	2509240
8fd8912c803390244ec6e3c2fef1b651	gi|2363082374|ref|NR_179434.1|	97.079	445	13	0	1	445	346	790	0.0	750	1720300
8fd8912c803390244ec6e3c2fef1b651	gi|310974914|ref|NR_036777.1|	96.854	445	14	0	1	445	330	774	0.0	749	33039
8fd8912c803390244ec6e3c2fef1b651	gi|631251356|ref|NR_112553.1|	96.861	446	13	1	1	445	345	790	0.0	745	342942
8fd8912c803390244ec6e3c2fef1b651	gi|228719063|ref|NR_027579.1|	96.404	445	16	0	1	445	313	757	0.0	739	471875
8fd8912c803390244ec6e3c2fef1b651	gi|2363084846|ref|NR_180671.1|	96.404	445	16	0	1	445	60	504	0.0	734	2594882
8fd8912c803390244ec6e3c2fef1b651	gi|2962412221|ref|NR_199415.1|	96.404	445	16	0	1	445	335	779	0.0	734	3136600
398c49f861f3bb3d6de65768ace26f46	gi|444304209|ref|NR_074634.1|	99.551	445	2	0	1	445	347	791	0.0	811	515619
398c49f861f3bb3d6de65768ace26f46	gi|343198540|ref|NR_042832.1|	98.430	446	6	1	1	445	327	772	0.0	784	301302
398c49f861f3bb3d6de65768ace26f46	gi|1227086116|ref|NR_148619.1|	97.987	447	7	2	1	445	298	744	0.0	774	1712665
398c49f861f3bb3d6de65768ace26f46	gi|645320588|ref|NR_117758.1|	97.539	447	9	1	1	445	319	765	0.0	763	166486
398c49f861f3bb3d6de65768ace26f46	gi|228716944|ref|NR_027557.1|	97.539	447	9	1	1	445	340	786	0.0	763	536231
398c49f861f3bb3d6de65768ace26f46	gi|444439494|ref|NR_074809.1|	97.534	446	10	1	1	445	347	792	0.0	761	585394
398c49f861f3bb3d6de65768ace26f46	gi|343201282|ref|NR_042008.1|	97.309	446	10	2	1	445	338	782	0.0	756	585394
398c49f861f3bb3d6de65768ace26f46	gi|2363085153|ref|NR_180825.1|	97.085	446	12	1	1	445	344	789	0.0	750	2605790
398c49f861f3bb3d6de65768ace26f46	gi|219846723|ref|NR_026315.1|	97.079	445	13	0	1	445	314	758	0.0	750	46206
398c49f861f3bb3d6de65768ace26f46	gi|2363086282|ref|NR_181393.1|	96.854	445	14	0	1	445	287	731	0.0	745	2763664
3963a5cb53030a31cddc0b93f6e70a20	gi|343205678|ref|NR_044054.1|	99.101	445	4	0	1	445	294	738	0.0	800	1121115
3963a5cb53030a31cddc0b93f6e70a20	gi|631253117|ref|NR_114315.1|	98.876	445	5	0	1	445	333	777	0.0	797	649762
3963a5cb53030a31cddc0b93f6e70a20	gi|2363082685|ref|NR_179590.1|	98.655	446	5	1	1	445	324	769	0.0	791	1936059
3963a5cb53030a31cddc0b93f6e70a20	gi|219846722|ref|NR_026314.1|	97.303	445	12	0	1	445	327	771	0.0	756	53443
3963a5cb53030a31cddc0b93f6e70a20	gi|219846720|ref|NR_026312.1|	96.854	445	14	0	1	445	324	768	0.0	747	180164
3963a5cb53030a31cddc0b93f6e70a20	gi|2363084170|ref|NR_180334.1|	96.629	445	15	0	1	445	250	694	0.0	739	2763028
3963a5cb53030a31cddc0b93f6e70a20	gi|2363086300|ref|NR_181402.1|	96.629	445	15	0	1	445	297	741	0.0	739	2763028
3963a5cb53030a31cddc0b93f6e70a20	gi|631252033|ref|NR_113231.1|	96.637	446	13	2	1	445	344	788	0.0	739	536633
3963a5cb53030a31cddc0b93f6e70a20	gi|631251591|ref|NR_112789.1|	96.637	446	13	2	1	445	330	774	0.0	739	536633
3963a5cb53030a31cddc0b93f6e70a20	gi|2363082673|ref|NR_179584.1|	96.413	446	14	2	1	445	324	768	0.0	734	1917888
4d60e5979a7dcfd057804a5d852452ee	gi|2363082779|ref|NR_179638.1|	99.551	445	2	0	1	445	345	789	0.0	811	2040291
4d60e5979a7dcfd057804a5d852452ee	gi|545589044|ref|NR_044645.2|	98.652	445	6	0	1	445	352	796	0.0	797	39486
4d60e5979a7dcfd057804a5d852452ee	gi|1397641798|ref|NR_156907.1|	96.854	445	14	0	1	445	345	789	0.0	745	1912855
4d60e5979a7dcfd057804a5d852452ee	gi|1109168038|ref|NR_144617.1|	96.854	445	14	0	1	445	337	781	0.0	745	1796634
4d60e5979a7dcfd057804a5d852452ee	gi|2363086021|ref|NR_181263.1|	96.404	445	16	0	1	445	331	775	0.0	734	2726362
4d60e5979a7dcfd057804a5d852452ee	gi|343203027|ref|NR_043551.1|	96.180	445	17	0	1	445	346	790	0.0	728	341220
4d60e5979a7dcfd057804a5d852452ee	gi|3248465643|ref|NR_201655.1|	95.964	446	16	2	1	445	310	754	0.0	723	3380807
4d60e5979a7dcfd057804a5d852452ee	gi|2136551567|ref|NR_173570.1|	95.964	446	16	2	1	445	327	771	0.0	723	1912090
4d60e5979a7dcfd057804a5d852452ee	gi|2363082765|ref|NR_179631.1|	95.973	447	14	4	1	445	345	789	0.0	723	2014528
4d60e5979a7dcfd057804a5d852452ee	gi|631253194|ref|NR_114392.1|	95.964	446	16	2	1	445	347	791	0.0	723	1544
9ce74d7144ec4c3ce121fe87520084b5	gi|943392602|ref|NR_117139.2|	98.202	445	8	0	1	445	343	787	0.0	778	649756
9ce74d7144ec4c3ce121fe87520084b5	gi|943392601|ref|NR_117138.2|	98.202	445	8	0	1	445	343	787	0.0	778	649756
9ce74d7144ec4c3ce121fe87520084b5	gi|559795210|ref|NR_104799.1|	98.202	445	8	0	1	445	335	779	0.0	778	649756
9ce74d7144ec4c3ce121fe87520084b5	gi|2363085925|ref|NR_181215.1|	97.753	445	10	0	1	445	328	772	0.0	767	2738446
9ce74d7144ec4c3ce121fe87520084b5	gi|631252121|ref|NR_113319.1|	96.413	446	14	2	1	445	347	791	0.0	734	645466
9ce74d7144ec4c3ce121fe87520084b5	gi|636560803|ref|NR_116863.1|	96.197	447	14	3	1	445	334	779	0.0	728	645466
9ce74d7144ec4c3ce121fe87520084b5	gi|1227086118|ref|NR_148620.1|	95.955	445	18	0	1	445	192	636	0.0	723	1763509
9ce74d7144ec4c3ce121fe87520084b5	gi|1040567056|ref|NR_137405.1|	95.056	445	22	0	1	445	304	748	0.0	701	1619234
9ce74d7144ec4c3ce121fe87520084b5	gi|2363081778|ref|NR_179135.1|	94.843	446	22	1	1	445	327	772	0.0	695	2025494
9ce74d7144ec4c3ce121fe87520084b5	gi|2363087251|ref|NR_181881.1|	94.843	446	22	1	1	445	304	749	0.0	695	2880702
8323542238d36eec56ffec77e39e5e67	gi|961555094|ref|NR_134062.1|	99.574	470	2	0	1	470	309	778	0.0	857	1667327
8323542238d36eec56ffec77e39e5e67	gi|645320489|ref|NR_117683.1|	99.574	470	2	0	1	470	326	795	0.0	857	573
8323542238d36eec56ffec77e39e5e67	gi|636558451|ref|NR_114507.1|	99.574	470	2	0	1	470	321	790	0.0	857	667127
8323542238d36eec56ffec77e39e5e67	gi|310975220|ref|NR_037084.1|	99.574	470	2	0	1	470	307	776	0.0	857	39831
8323542238d36eec56ffec77e39e5e67	gi|961555095|ref|NR_134063.1|	99.149	470	4	0	1	470	309	778	0.0	848	1463164
8323542238d36eec56ffec77e39e5e67	gi|636558658|ref|NR_114715.1|	99.149	470	4	0	1	470	296	765	0.0	848	573
8323542238d36eec56ffec77e39e5e67	gi|2363083969|ref|NR_180233.1|	99.149	470	4	0	1	470	309	778	0.0	846	2489010
8323542238d36eec56ffec77e39e5e67	gi|2363084407|ref|NR_180451.1|	99.149	470	4	0	1	470	335	804	0.0	846	2529382
8323542238d36eec56ffec77e39e5e67	gi|645321653|ref|NR_118568.1|	99.149	470	4	0	1	470	264	733	0.0	846	550
8323542238d36eec56ffec77e39e5e67	gi|699005339|ref|NR_126208.1|	99.149	470	4	0	1	470	278	747	0.0	846	1296536
dddfaf0df9e9e09579387af2735a680e	gi|943392602|ref|NR_117139.2|	99.101	445	4	0	1	445	343	787	0.0	800	649756
dddfaf0df9e9e09579387af2735a680e	gi|943392601|ref|NR_117138.2|	99.101	445	4	0	1	445	343	787	0.0	800	649756
dddfaf0df9e9e09579387af2735a680e	gi|559795210|ref|NR_104799.1|	99.101	445	4	0	1	445	335	779	0.0	800	649756
dddfaf0df9e9e09579387af2735a680e	gi|2363085925|ref|NR_181215.1|	98.652	445	6	0	1	445	328	772	0.0	789	2738446
dddfaf0df9e9e09579387af2735a680e	gi|631252121|ref|NR_113319.1|	97.758	446	8	2	1	445	347	791	0.0	767	645466
dddfaf0df9e9e09579387af2735a680e	gi|636560803|ref|NR_116863.1|	97.539	447	8	3	1	445	334	779	0.0	761	645466
dddfaf0df9e9e09579387af2735a680e	gi|2363081778|ref|NR_179135.1|	96.188	446	16	1	1	445	327	772	0.0	728	2025494
dddfaf0df9e9e09579387af2735a680e	gi|2363087251|ref|NR_181881.1|	96.188	446	16	1	1	445	304	749	0.0	728	2880702
dddfaf0df9e9e09579387af2735a680e	gi|2363080591|ref|NR_178536.1|	96.171	444	16	1	1	443	283	726	0.0	725	1229621
dddfaf0df9e9e09579387af2735a680e	gi|265678610|ref|NR_028915.1|	95.973	447	16	2	1	445	312	758	0.0	725	105841
6ca01616260ca9932ae1e22fbf808179	gi|2836274932|ref|NR_197695.1|	99.574	470	2	0	1	470	341	810	0.0	857	3053355
6ca01616260ca9932ae1e22fbf808179	gi|343198520|ref|NR_042776.1|	99.574	470	2	0	1	470	342	811	0.0	857	1304
6ca01616260ca9932ae1e22fbf808179	gi|343198522|ref|NR_042778.1|	99.362	470	3	0	1	470	342	811	0.0	852	1308
6ca01616260ca9932ae1e22fbf808179	gi|343198521|ref|NR_042777.1|	99.362	470	2	1	1	470	342	810	0.0	850	889206
6ca01616260ca9932ae1e22fbf808179	gi|645322192|ref|NR_118998.1|	98.936	470	5	0	1	470	337	806	0.0	841	1308
6ca01616260ca9932ae1e22fbf808179	gi|566084933|ref|NR_108477.1|	98.085	470	9	0	1	470	248	717	0.0	819	701526
6ca01616260ca9932ae1e22fbf808179	gi|645322122|ref|NR_118942.1|	97.240	471	11	2	1	470	240	709	0.0	813	889206
6ca01616260ca9932ae1e22fbf808179	gi|2363087357|ref|NR_181935.1|	97.660	470	11	0	1	470	352	821	0.0	808	2781599
6ca01616260ca9932ae1e22fbf808179	gi|2363086454|ref|NR_181481.1|	97.660	470	11	0	1	470	345	814	0.0	808	2781599
6ca01616260ca9932ae1e22fbf808179	gi|2363081939|ref|NR_179215.1|	97.660	470	11	0	1	470	333	802	0.0	808	1501662
211bfb361a3a13911781a48f0226c406	gi|2363081254|ref|NR_178871.1|	89.778	450	40	6	1	448	334	779	1.31e-162	571	1792311
211bfb361a3a13911781a48f0226c406	gi|2363086264|ref|NR_181384.1|	89.800	451	37	9	1	448	247	691	4.72e-162	569	2763660
211bfb361a3a13911781a48f0226c406	gi|444304204|ref|NR_074629.1|	89.427	454	36	9	1	448	338	785	7.90e-160	562	1515
211bfb361a3a13911781a48f0226c406	gi|631251959|ref|NR_113157.1|	89.427	454	36	9	1	448	338	785	7.90e-160	562	1515
211bfb361a3a13911781a48f0226c406	gi|343200549|ref|NR_041236.1|	89.286	448	46	2	1	448	318	763	2.84e-159	560	1122184
211bfb361a3a13911781a48f0226c406	gi|2363084120|ref|NR_180309.1|	89.207	454	37	9	1	448	286	733	3.68e-158	556	2487273
211bfb361a3a13911781a48f0226c406	gi|785794309|ref|NG_041947.1|	89.183	453	39	10	1	448	466	913	3.68e-158	556	394503
211bfb361a3a13911781a48f0226c406	gi|785497611|ref|NR_102768.2|	89.183	453	39	10	1	448	327	774	3.68e-158	556	1521
211bfb361a3a13911781a48f0226c406	gi|631252162|ref|NR_113360.1|	89.207	454	37	12	1	448	336	783	3.68e-158	556	1121303
211bfb361a3a13911781a48f0226c406	gi|645319736|ref|NR_117111.1|	89.207	454	37	12	1	448	333	780	3.68e-158	556	29371
655160db22e90a30c5f296723384ea62	gi|2363084170|ref|NR_180334.1|	99.326	445	3	0	1	445	250	694	0.0	806	2763028
655160db22e90a30c5f296723384ea62	gi|2363086300|ref|NR_181402.1|	99.326	445	3	0	1	445	297	741	0.0	806	2763028
655160db22e90a30c5f296723384ea62	gi|645321813|ref|NR_118692.1|	97.528	445	10	1	1	445	311	754	0.0	761	411459
655160db22e90a30c5f296723384ea62	gi|219846720|ref|NR_026312.1|	97.079	445	13	0	1	445	324	768	0.0	752	180164
655160db22e90a30c5f296723384ea62	gi|343201234|ref|NR_041960.1|	97.085	446	12	1	1	445	219	664	0.0	750	89014
655160db22e90a30c5f296723384ea62	gi|631252033|ref|NR_113231.1|	97.079	445	13	0	1	445	344	788	0.0	750	536633
655160db22e90a30c5f296723384ea62	gi|566085203|ref|NR_109014.1|	97.085	446	11	2	1	445	192	636	0.0	750	871665
655160db22e90a30c5f296723384ea62	gi|631251591|ref|NR_112789.1|	97.079	445	13	0	1	445	330	774	0.0	750	536633
655160db22e90a30c5f296723384ea62	gi|2363082673|ref|NR_179584.1|	96.861	446	12	2	1	445	324	768	0.0	747	1917888
655160db22e90a30c5f296723384ea62	gi|631253117|ref|NR_114315.1|	96.854	445	14	0	1	445	333	777	0.0	747	649762
f59f073caea7a8048c2f41aeb6091df9	gi|265678578|ref|NR_028883.1|	99.327	446	2	1	1	445	223	668	0.0	806	88431
f59f073caea7a8048c2f41aeb6091df9	gi|1397641798|ref|NR_156907.1|	96.868	447	10	4	1	445	345	789	0.0	745	1912855
f59f073caea7a8048c2f41aeb6091df9	gi|265678482|ref|NR_028785.1|	96.861	446	12	2	1	445	348	792	0.0	745	29347
f59f073caea7a8048c2f41aeb6091df9	gi|1109168023|ref|NR_144610.1|	96.637	446	13	2	1	445	336	780	0.0	739	1796622
f59f073caea7a8048c2f41aeb6091df9	gi|645322565|ref|NR_119285.1|	96.637	446	13	2	1	445	322	766	0.0	739	29347
f59f073caea7a8048c2f41aeb6091df9	gi|631250892|ref|NR_112089.1|	96.644	447	11	4	1	445	333	777	0.0	739	553973
f59f073caea7a8048c2f41aeb6091df9	gi|310974936|ref|NR_036800.1|	96.637	446	13	2	1	445	323	767	0.0	739	411470
f59f073caea7a8048c2f41aeb6091df9	gi|645321810|ref|NR_118690.1|	96.637	446	13	2	1	445	335	779	0.0	739	411470
f59f073caea7a8048c2f41aeb6091df9	gi|224581401|ref|NR_024719.1|	96.644	447	10	5	1	445	338	781	0.0	737	89153
f59f073caea7a8048c2f41aeb6091df9	gi|2363082765|ref|NR_179631.1|	96.404	445	16	0	1	445	345	789	0.0	734	2014528
473b36e10cb592a22f492a44c0894f94	gi|343201063|ref|NR_041750.1|	99.362	470	3	0	1	470	321	790	0.0	852	574
473b36e10cb592a22f492a44c0894f94	gi|961555094|ref|NR_134062.1|	99.149	470	4	0	1	470	309	778	0.0	846	1667327
473b36e10cb592a22f492a44c0894f94	gi|645320489|ref|NR_117683.1|	99.149	470	4	0	1	470	326	795	0.0	846	573
473b36e10cb592a22f492a44c0894f94	gi|636558451|ref|NR_114507.1|	99.149	470	4	0	1	470	321	790	0.0	846	667127
473b36e10cb592a22f492a44c0894f94	gi|310975220|ref|NR_037084.1|	99.149	470	4	0	1	470	307	776	0.0	846	39831
473b36e10cb592a22f492a44c0894f94	gi|645322553|ref|NR_119276.1|	98.723	470	6	0	1	470	307	776	0.0	841	574
473b36e10cb592a22f492a44c0894f94	gi|961555095|ref|NR_134063.1|	98.723	470	6	0	1	470	309	778	0.0	837	1463164
473b36e10cb592a22f492a44c0894f94	gi|636558658|ref|NR_114715.1|	98.723	470	6	0	1	470	296	765	0.0	837	573
473b36e10cb592a22f492a44c0894f94	gi|2363083969|ref|NR_180233.1|	98.723	470	6	0	1	470	309	778	0.0	835	2489010
473b36e10cb592a22f492a44c0894f94	gi|1269801491|ref|NR_102493.2|	98.723	470	6	0	1	470	336	805	0.0	835	1028307
260e6f4aa1d841c432238cbc742b0e15	gi|343205678|ref|NR_044054.1|	99.101	445	4	0	1	445	294	738	0.0	800	1121115
260e6f4aa1d841c432238cbc742b0e15	gi|631253117|ref|NR_114315.1|	98.876	445	5	0	1	445	333	777	0.0	797	649762
260e6f4aa1d841c432238cbc742b0e15	gi|2363082685|ref|NR_179590.1|	98.655	446	5	1	1	445	324	769	0.0	791	1936059
260e6f4aa1d841c432238cbc742b0e15	gi|219846722|ref|NR_026314.1|	97.079	445	13	0	1	445	327	771	0.0	750	53443
260e6f4aa1d841c432238cbc742b0e15	gi|219846720|ref|NR_026312.1|	96.629	445	15	0	1	445	324	768	0.0	741	180164
260e6f4aa1d841c432238cbc742b0e15	gi|2363084170|ref|NR_180334.1|	96.629	445	15	0	1	445	250	694	0.0	739	2763028
260e6f4aa1d841c432238cbc742b0e15	gi|2363086300|ref|NR_181402.1|	96.629	445	15	0	1	445	297	741	0.0	739	2763028
260e6f4aa1d841c432238cbc742b0e15	gi|631252033|ref|NR_113231.1|	96.637	446	13	2	1	445	344	788	0.0	739	536633
260e6f4aa1d841c432238cbc742b0e15	gi|631251591|ref|NR_112789.1|	96.637	446	13	2	1	445	330	774	0.0	739	536633
260e6f4aa1d841c432238cbc742b0e15	gi|2363082673|ref|NR_179584.1|	96.413	446	14	2	1	445	324	768	0.0	734	1917888
e3fd287fd921d9d995a4b5fa1352aaa8	gi|566085203|ref|NR_109014.1|	99.775	445	1	0	1	445	192	636	0.0	817	871665
e3fd287fd921d9d995a4b5fa1352aaa8	gi|2363082673|ref|NR_179584.1|	99.326	445	3	0	1	445	324	768	0.0	808	1917888
e3fd287fd921d9d995a4b5fa1352aaa8	gi|631252033|ref|NR_113231.1|	98.427	445	7	0	1	445	344	788	0.0	784	536633
e3fd287fd921d9d995a4b5fa1352aaa8	gi|631251591|ref|NR_112789.1|	98.427	445	7	0	1	445	330	774	0.0	784	536633
e3fd287fd921d9d995a4b5fa1352aaa8	gi|2363084170|ref|NR_180334.1|	97.534	446	9	2	1	445	250	694	0.0	761	2763028
e3fd287fd921d9d995a4b5fa1352aaa8	gi|2363086300|ref|NR_181402.1|	97.534	446	9	2	1	445	297	741	0.0	761	2763028
e3fd287fd921d9d995a4b5fa1352aaa8	gi|631252072|ref|NR_113270.1|	97.528	445	11	0	1	445	345	789	0.0	761	1121114
e3fd287fd921d9d995a4b5fa1352aaa8	gi|645320731|ref|NR_117867.1|	97.528	445	11	0	1	445	297	741	0.0	761	871664
e3fd287fd921d9d995a4b5fa1352aaa8	gi|559795114|ref|NR_104700.1|	97.528	445	11	0	1	445	345	789	0.0	761	33035
e3fd287fd921d9d995a4b5fa1352aaa8	gi|219846720|ref|NR_026312.1|	97.303	445	12	0	1	445	324	768	0.0	758	180164
4361ccca35497ff53eb0fbc4921abb09	gi|1116030238|ref|NR_144696.1|	99.551	445	2	0	1	445	330	774	0.0	811	1414720
4361ccca35497ff53eb0fbc4921abb09	gi|219846899|ref|NR_026491.1|	99.551	445	2	0	1	445	316	760	0.0	811	84024
4361ccca35497ff53eb0fbc4921abb09	gi|219846557|ref|NR_026149.1|	98.652	445	6	0	1	445	322	766	0.0	789	36850
4361ccca35497ff53eb0fbc4921abb09	gi|219846575|ref|NR_026167.1|	98.434	447	4	2	1	445	243	688	0.0	787	36834
4361ccca35497ff53eb0fbc4921abb09	gi|219846422|ref|NR_026013.1|	97.978	445	9	0	1	445	330	774	0.0	773	46867
4361ccca35497ff53eb0fbc4921abb09	gi|2363082288|ref|NR_179391.1|	97.753	445	10	0	1	445	329	773	0.0	767	1499684
4361ccca35497ff53eb0fbc4921abb09	gi|631252127|ref|NR_113325.1|	97.753	445	10	0	1	445	330	774	0.0	767	1559
4361ccca35497ff53eb0fbc4921abb09	gi|219846898|ref|NR_026490.1|	97.753	445	10	0	1	445	317	761	0.0	767	84031
4361ccca35497ff53eb0fbc4921abb09	gi|310975222|ref|NR_037086.1|	97.753	445	10	0	1	445	313	757	0.0	767	1559
4361ccca35497ff53eb0fbc4921abb09	gi|636558671|ref|NR_114728.1|	97.753	445	10	0	1	445	284	728	0.0	767	1559
fd37e63f6ef7eac58a91eed1a54217a2	gi|2363080125|ref|NR_178281.1|	97.753	445	10	0	1	445	337	781	0.0	767	105843
fd37e63f6ef7eac58a91eed1a54217a2	gi|645321789|ref|NR_118673.1|	96.854	445	14	0	1	445	351	795	0.0	752	39488
fd37e63f6ef7eac58a91eed1a54217a2	gi|219856842|ref|NR_024661.1|	94.170	446	24	2	1	445	358	802	0.0	678	42322
fd37e63f6ef7eac58a91eed1a54217a2	gi|1040567056|ref|NR_137405.1|	93.933	445	27	0	1	445	304	748	0.0	673	1619234
fd37e63f6ef7eac58a91eed1a54217a2	gi|219878251|ref|NR_025390.1|	93.933	445	27	0	1	445	327	771	0.0	673	115544
fd37e63f6ef7eac58a91eed1a54217a2	gi|645322302|ref|NR_119085.1|	93.736	447	22	5	1	445	344	786	0.0	665	29364
fd37e63f6ef7eac58a91eed1a54217a2	gi|2363086278|ref|NR_181391.1|	93.498	446	27	2	1	445	246	690	0.0	662	2763670
fd37e63f6ef7eac58a91eed1a54217a2	gi|343198925|ref|NR_044049.1|	93.483	445	29	0	1	445	313	757	0.0	662	33043
fd37e63f6ef7eac58a91eed1a54217a2	gi|1227086118|ref|NR_148620.1|	93.274	446	28	2	1	445	192	636	0.0	656	1763509
fd37e63f6ef7eac58a91eed1a54217a2	gi|559795246|ref|NR_104836.1|	93.274	446	28	2	1	445	330	774	0.0	656	706562
ad3393c5bc6fd937628e82616ebb463e	gi|1040567059|ref|NR_137408.1|	98.874	444	5	0	1	444	287	730	0.0	793	1460447
ad3393c5bc6fd937628e82616ebb463e	gi|559795157|ref|NR_104744.1|	98.649	444	6	0	1	444	317	760	0.0	787	1541
ad3393c5bc6fd937628e82616ebb463e	gi|645322288|ref|NR_119074.1|	98.649	444	6	0	1	444	294	737	0.0	787	1121315
ad3393c5bc6fd937628e82616ebb463e	gi|1116030282|ref|NR_144740.1|	97.748	444	10	0	1	444	318	761	0.0	765	1776391
ad3393c5bc6fd937628e82616ebb463e	gi|228718376|ref|NR_027573.1|	97.523	444	11	0	1	444	300	743	0.0	760	261299
ad3393c5bc6fd937628e82616ebb463e	gi|2363083072|ref|NR_179784.1|	97.297	444	12	0	1	444	298	741	0.0	754	2020948
ad3393c5bc6fd937628e82616ebb463e	gi|645322235|ref|NR_119034.1|	97.297	444	11	1	1	444	317	759	0.0	752	1121321
ad3393c5bc6fd937628e82616ebb463e	gi|2363082877|ref|NR_179687.1|	97.072	444	13	0	1	444	270	713	0.0	749	2662455
ad3393c5bc6fd937628e82616ebb463e	gi|1230874654|ref|NR_148815.1|	97.072	444	13	0	1	444	316	759	0.0	749	1629550
ad3393c5bc6fd937628e82616ebb463e	gi|974142280|ref|NR_134800.1|	97.072	444	13	0	1	444	252	695	0.0	749	1368474
2e125eae9f094ff1e0d5f20d5ab38b10	gi|2260349424|ref|NR_176506.1|	99.360	469	3	0	1	469	312	780	0.0	850	1982626
2e125eae9f094ff1e0d5f20d5ab38b10	gi|2260349423|ref|NR_176505.1|	98.294	469	8	0	1	469	311	779	0.0	822	1982628
2e125eae9f094ff1e0d5f20d5ab38b10	gi|631253195|ref|NR_114393.1|	92.964	469	33	0	1	469	323	791	0.0	684	29348
2e125eae9f094ff1e0d5f20d5ab38b10	gi|228720470|ref|NR_027592.1|	92.751	469	34	0	1	469	313	781	0.0	678	29348
2e125eae9f094ff1e0d5f20d5ab38b10	gi|645322231|ref|NR_119030.1|	92.553	470	33	2	1	469	321	789	0.0	673	428126
2e125eae9f094ff1e0d5f20d5ab38b10	gi|645322566|ref|NR_119286.1|	92.553	470	33	2	1	469	310	778	0.0	673	69824
2e125eae9f094ff1e0d5f20d5ab38b10	gi|1109168034|ref|NR_144615.1|	92.178	473	29	7	1	469	313	781	0.0	662	1796628
2e125eae9f094ff1e0d5f20d5ab38b10	gi|343203026|ref|NR_043550.1|	91.898	469	38	0	1	469	324	792	0.0	656	341225
2e125eae9f094ff1e0d5f20d5ab38b10	gi|631252045|ref|NR_113243.1|	91.702	470	37	2	1	469	325	793	0.0	651	1547
2e125eae9f094ff1e0d5f20d5ab38b10	gi|2363083393|ref|NR_179945.1|	91.507	471	36	3	1	469	277	745	0.0	645	2899121
43fd05fce6e9706b2bf28d88f7f99cce	gi|636560687|ref|NR_116747.1|	97.303	445	12	0	1	445	298	742	0.0	756	1298596
43fd05fce6e9706b2bf28d88f7f99cce	gi|2363084170|ref|NR_180334.1|	96.629	445	15	0	1	445	250	694	0.0	739	2763028
43fd05fce6e9706b2bf28d88f7f99cce	gi|1953646571|ref|NR_171444.1|	96.629	445	15	0	1	445	298	742	0.0	739	1912897
43fd05fce6e9706b2bf28d88f7f99cce	gi|1953646488|ref|NR_171392.1|	96.629	445	15	0	1	445	352	796	0.0	739	1912897
43fd05fce6e9706b2bf28d88f7f99cce	gi|1953646486|ref|NR_171390.1|	96.629	445	15	0	1	445	352	796	0.0	739	1912897
43fd05fce6e9706b2bf28d88f7f99cce	gi|2363086300|ref|NR_181402.1|	96.629	445	15	0	1	445	297	741	0.0	739	2763028
43fd05fce6e9706b2bf28d88f7f99cce	gi|631252033|ref|NR_113231.1|	96.629	445	15	0	1	445	344	788	0.0	739	536633
43fd05fce6e9706b2bf28d88f7f99cce	gi|631251591|ref|NR_112789.1|	96.629	445	15	0	1	445	330	774	0.0	739	536633
43fd05fce6e9706b2bf28d88f7f99cce	gi|645321813|ref|NR_118692.1|	96.629	445	14	1	1	445	311	754	0.0	739	411459
43fd05fce6e9706b2bf28d88f7f99cce	gi|1953646481|ref|NR_171388.1|	96.629	445	14	1	1	445	352	795	0.0	737	1912897
1f8dcf64164f9f74a272ebeea0a6693d	gi|219846340|ref|NR_025930.1|	99.105	447	3	1	1	446	293	739	0.0	802	40518
1f8dcf64164f9f74a272ebeea0a6693d	gi|2136551638|ref|NR_173642.1|	97.991	448	7	2	1	446	346	793	0.0	776	2678306
1f8dcf64164f9f74a272ebeea0a6693d	gi|2363084544|ref|NR_180520.1|	95.964	446	16	2	1	446	353	796	0.0	723	2564099
1f8dcf64164f9f74a272ebeea0a6693d	gi|2363082825|ref|NR_179661.1|	93.080	448	29	2	1	446	339	786	0.0	654	2086583
1f8dcf64164f9f74a272ebeea0a6693d	gi|636558732|ref|NR_114789.1|	91.704	446	36	1	1	446	344	788	1.66e-176	617	1535
1f8dcf64164f9f74a272ebeea0a6693d	gi|2136551663|ref|NR_173668.1|	91.499	447	35	3	1	446	291	735	7.70e-175	612	2766537
1f8dcf64164f9f74a272ebeea0a6693d	gi|3248465687|ref|NR_201701.1|	91.295	448	37	2	1	446	327	774	2.77e-174	610	3435187
1f8dcf64164f9f74a272ebeea0a6693d	gi|3248465688|ref|NR_201702.1|	91.295	448	37	2	1	446	325	772	2.77e-174	610	3435000
1f8dcf64164f9f74a272ebeea0a6693d	gi|2180566484|ref|NR_174324.1|	91.256	446	38	1	1	446	343	787	3.58e-173	606	2576756
1f8dcf64164f9f74a272ebeea0a6693d	gi|3248465658|ref|NR_201672.1|	90.646	449	38	4	1	446	293	740	2.79e-169	593	3381350
403aaf4ff6daeba57d6ae1eebebea0c9	gi|343205678|ref|NR_044054.1|	99.326	445	3	0	1	445	294	738	0.0	806	1121115
403aaf4ff6daeba57d6ae1eebebea0c9	gi|631253117|ref|NR_114315.1|	99.101	445	4	0	1	445	333	777	0.0	802	649762
403aaf4ff6daeba57d6ae1eebebea0c9	gi|2363082685|ref|NR_179590.1|	98.879	446	4	1	1	445	324	769	0.0	797	1936059
403aaf4ff6daeba57d6ae1eebebea0c9	gi|219846722|ref|NR_026314.1|	97.303	445	12	0	1	445	327	771	0.0	756	53443
403aaf4ff6daeba57d6ae1eebebea0c9	gi|219846720|ref|NR_026312.1|	96.854	445	14	0	1	445	324	768	0.0	747	180164
403aaf4ff6daeba57d6ae1eebebea0c9	gi|2363084170|ref|NR_180334.1|	96.854	445	14	0	1	445	250	694	0.0	745	2763028
403aaf4ff6daeba57d6ae1eebebea0c9	gi|2363086300|ref|NR_181402.1|	96.854	445	14	0	1	445	297	741	0.0	745	2763028
403aaf4ff6daeba57d6ae1eebebea0c9	gi|631252033|ref|NR_113231.1|	96.861	446	12	2	1	445	344	788	0.0	745	536633
403aaf4ff6daeba57d6ae1eebebea0c9	gi|631251591|ref|NR_112789.1|	96.861	446	12	2	1	445	330	774	0.0	745	536633
403aaf4ff6daeba57d6ae1eebebea0c9	gi|2363082673|ref|NR_179584.1|	96.637	446	13	2	1	445	324	768	0.0	739	1917888
d5526258b530cff344b7ccb2a87eac1b	gi|602270698|ref|NR_028725.2|	99.362	470	3	0	1	470	351	820	0.0	852	1624
d5526258b530cff344b7ccb2a87eac1b	gi|631251562|ref|NR_112759.1|	99.362	470	3	0	1	470	332	801	0.0	852	1624
d5526258b530cff344b7ccb2a87eac1b	gi|265678356|ref|NR_028658.1|	96.603	471	15	1	1	470	350	820	0.0	780	259059
d5526258b530cff344b7ccb2a87eac1b	gi|631251587|ref|NR_112785.1|	96.383	470	17	0	1	470	330	799	0.0	774	519050
d5526258b530cff344b7ccb2a87eac1b	gi|343200968|ref|NR_041655.1|	96.383	470	17	0	1	470	348	817	0.0	774	480931
d5526258b530cff344b7ccb2a87eac1b	gi|343200811|ref|NR_041498.1|	96.391	471	15	2	1	470	330	799	0.0	774	396716
d5526258b530cff344b7ccb2a87eac1b	gi|636559787|ref|NR_115847.1|	96.170	470	18	0	1	470	336	805	0.0	769	392566
d5526258b530cff344b7ccb2a87eac1b	gi|343202682|ref|NR_043095.1|	96.170	470	18	0	1	470	350	819	0.0	769	303241
d5526258b530cff344b7ccb2a87eac1b	gi|2363081909|ref|NR_179200.1|	95.957	470	19	0	1	470	334	803	0.0	763	1808352
d5526258b530cff344b7ccb2a87eac1b	gi|2363080417|ref|NR_178448.1|	95.975	472	15	3	1	470	314	783	0.0	763	1416943
89159d017a5a298ff08e1a39ed71c129	gi|1109168017|ref|NR_144607.1|	99.326	445	3	0	1	445	279	723	0.0	806	1796615
89159d017a5a298ff08e1a39ed71c129	gi|631252033|ref|NR_113231.1|	98.652	445	6	0	1	445	344	788	0.0	789	536633
89159d017a5a298ff08e1a39ed71c129	gi|631251591|ref|NR_112789.1|	98.652	445	6	0	1	445	330	774	0.0	789	536633
89159d017a5a298ff08e1a39ed71c129	gi|631252072|ref|NR_113270.1|	97.753	445	10	0	1	445	345	789	0.0	767	1121114
89159d017a5a298ff08e1a39ed71c129	gi|645320731|ref|NR_117867.1|	97.753	445	10	0	1	445	297	741	0.0	767	871664
89159d017a5a298ff08e1a39ed71c129	gi|559795114|ref|NR_104700.1|	97.753	445	10	0	1	445	345	789	0.0	767	33035
89159d017a5a298ff08e1a39ed71c129	gi|2363082673|ref|NR_179584.1|	97.528	445	11	0	1	445	324	768	0.0	763	1917888
89159d017a5a298ff08e1a39ed71c129	gi|219846720|ref|NR_026312.1|	97.528	445	11	0	1	445	324	768	0.0	763	180164
89159d017a5a298ff08e1a39ed71c129	gi|1679775916|ref|NR_163638.1|	97.528	445	11	0	1	445	325	769	0.0	761	2025493
89159d017a5a298ff08e1a39ed71c129	gi|1679775915|ref|NR_163637.1|	97.528	445	11	0	1	445	325	769	0.0	761	2025493
6c4159484d9ba546b2d2d200869ee0e0	gi|310974936|ref|NR_036800.1|	99.775	445	1	0	1	445	323	767	0.0	817	411470
6c4159484d9ba546b2d2d200869ee0e0	gi|645321810|ref|NR_118690.1|	99.775	445	1	0	1	445	335	779	0.0	817	411470
6c4159484d9ba546b2d2d200869ee0e0	gi|2363085474|ref|NR_180986.1|	97.753	445	10	0	1	445	344	788	0.0	767	2681861
6c4159484d9ba546b2d2d200869ee0e0	gi|265678578|ref|NR_028883.1|	96.644	447	12	3	1	445	223	668	0.0	739	88431
6c4159484d9ba546b2d2d200869ee0e0	gi|631250892|ref|NR_112089.1|	96.637	446	13	2	1	445	333	777	0.0	739	553973
6c4159484d9ba546b2d2d200869ee0e0	gi|224581401|ref|NR_024719.1|	96.637	446	12	3	1	445	338	781	0.0	737	89153
6c4159484d9ba546b2d2d200869ee0e0	gi|2363085103|ref|NR_180800.1|	96.404	445	16	0	1	445	344	788	0.0	734	2652274
6c4159484d9ba546b2d2d200869ee0e0	gi|1397641798|ref|NR_156907.1|	96.421	447	12	4	1	445	345	789	0.0	734	1912855
6c4159484d9ba546b2d2d200869ee0e0	gi|1116030273|ref|NR_144731.1|	96.404	445	16	0	1	445	344	788	0.0	734	1720294
6c4159484d9ba546b2d2d200869ee0e0	gi|219857617|ref|NR_025206.1|	96.404	445	16	0	1	445	311	755	0.0	734	180286
dd19aa42c6deda51bedf0d0a76d66242	gi|631251356|ref|NR_112553.1|	98.655	446	5	1	1	445	345	790	0.0	789	342942
dd19aa42c6deda51bedf0d0a76d66242	gi|636560687|ref|NR_116747.1|	97.303	445	12	0	1	445	298	742	0.0	756	1298596
dd19aa42c6deda51bedf0d0a76d66242	gi|2363082374|ref|NR_179434.1|	97.079	445	13	0	1	445	346	790	0.0	750	1720300
dd19aa42c6deda51bedf0d0a76d66242	gi|2363082059|ref|NR_179276.1|	96.854	445	14	0	1	445	331	775	0.0	745	2316025
dd19aa42c6deda51bedf0d0a76d66242	gi|310974914|ref|NR_036777.1|	96.404	445	16	0	1	445	330	774	0.0	737	33039
dd19aa42c6deda51bedf0d0a76d66242	gi|2962412221|ref|NR_199415.1|	96.404	445	16	0	1	445	335	779	0.0	734	3136600
dd19aa42c6deda51bedf0d0a76d66242	gi|631253194|ref|NR_114392.1|	96.404	445	16	0	1	445	347	791	0.0	734	1544
dd19aa42c6deda51bedf0d0a76d66242	gi|645319759|ref|NR_117128.1|	96.404	445	16	0	1	445	344	788	0.0	734	1544
dd19aa42c6deda51bedf0d0a76d66242	gi|645319756|ref|NR_117127.1|	96.404	445	16	0	1	445	344	788	0.0	734	1544
dd19aa42c6deda51bedf0d0a76d66242	gi|645319755|ref|NR_117126.1|	96.404	445	16	0	1	445	344	788	0.0	734	1544
d2f02b944ad83606c57195485ca01a2d	gi|631251942|ref|NR_113140.1|	99.324	444	3	0	1	444	316	759	0.0	804	1505
d2f02b944ad83606c57195485ca01a2d	gi|645319814|ref|NR_117174.1|	99.099	444	4	0	1	444	313	756	0.0	798	1737
d2f02b944ad83606c57195485ca01a2d	gi|631250758|ref|NR_104812.1|	99.099	444	4	0	1	444	315	758	0.0	798	1737
d2f02b944ad83606c57195485ca01a2d	gi|559795110|ref|NR_104696.1|	99.099	444	4	0	1	444	316	759	0.0	798	29358
d2f02b944ad83606c57195485ca01a2d	gi|636559738|ref|NR_115798.1|	99.099	444	4	0	1	444	318	761	0.0	798	1737
d2f02b944ad83606c57195485ca01a2d	gi|636559737|ref|NR_115797.1|	99.099	444	4	0	1	444	318	761	0.0	798	1737
d2f02b944ad83606c57195485ca01a2d	gi|636559736|ref|NR_115796.1|	99.099	444	4	0	1	444	318	761	0.0	798	1737
d2f02b944ad83606c57195485ca01a2d	gi|636559734|ref|NR_115794.1|	99.099	444	4	0	1	444	318	761	0.0	798	1737
d2f02b944ad83606c57195485ca01a2d	gi|636559735|ref|NR_115795.1|	98.874	444	5	0	1	444	318	761	0.0	793	1737
d2f02b944ad83606c57195485ca01a2d	gi|1269785413|ref|NR_118732.2|	98.649	444	6	0	1	444	241	684	0.0	791	1737
749c0b0012a03eb6fc87fe2a3b46ba7c	gi|943392602|ref|NR_117139.2|	99.551	445	2	0	1	445	343	787	0.0	811	649756
749c0b0012a03eb6fc87fe2a3b46ba7c	gi|943392601|ref|NR_117138.2|	99.551	445	2	0	1	445	343	787	0.0	811	649756
749c0b0012a03eb6fc87fe2a3b46ba7c	gi|559795210|ref|NR_104799.1|	99.551	445	2	0	1	445	335	779	0.0	811	649756
749c0b0012a03eb6fc87fe2a3b46ba7c	gi|2363085925|ref|NR_181215.1|	99.101	445	4	0	1	445	328	772	0.0	800	2738446
749c0b0012a03eb6fc87fe2a3b46ba7c	gi|631252121|ref|NR_113319.1|	97.758	446	8	2	1	445	347	791	0.0	767	645466
749c0b0012a03eb6fc87fe2a3b46ba7c	gi|636560803|ref|NR_116863.1|	97.539	447	8	3	1	445	334	779	0.0	761	645466
749c0b0012a03eb6fc87fe2a3b46ba7c	gi|2363081778|ref|NR_179135.1|	96.188	446	16	1	1	445	327	772	0.0	728	2025494
749c0b0012a03eb6fc87fe2a3b46ba7c	gi|2363087251|ref|NR_181881.1|	96.188	446	16	1	1	445	304	749	0.0	728	2880702
749c0b0012a03eb6fc87fe2a3b46ba7c	gi|265678610|ref|NR_028915.1|	95.973	447	16	2	1	445	312	758	0.0	725	105841
749c0b0012a03eb6fc87fe2a3b46ba7c	gi|2363080591|ref|NR_178536.1|	95.721	444	18	1	1	443	283	726	0.0	713	1229621
5c7b7aa9a752dc5cb620e4520feaf6b7	gi|645320493|ref|NR_117686.1|	99.149	470	4	0	1	470	326	795	0.0	846	573
5c7b7aa9a752dc5cb620e4520feaf6b7	gi|645320492|ref|NR_117685.1|	99.149	470	4	0	1	470	326	795	0.0	846	573
5c7b7aa9a752dc5cb620e4520feaf6b7	gi|645320491|ref|NR_117684.1|	99.149	470	4	0	1	470	326	795	0.0	846	573
5c7b7aa9a752dc5cb620e4520feaf6b7	gi|645320488|ref|NR_117682.1|	99.149	470	4	0	1	470	320	789	0.0	846	573
5c7b7aa9a752dc5cb620e4520feaf6b7	gi|219846045|ref|NR_025635.1|	99.149	470	4	0	1	470	284	753	0.0	846	244366
5c7b7aa9a752dc5cb620e4520feaf6b7	gi|631250813|ref|NR_112009.1|	99.149	470	4	0	1	470	304	773	0.0	846	573
5c7b7aa9a752dc5cb620e4520feaf6b7	gi|645322555|ref|NR_119278.1|	98.936	470	5	0	1	470	307	776	0.0	843	573
5c7b7aa9a752dc5cb620e4520feaf6b7	gi|961555094|ref|NR_134062.1|	98.936	470	5	0	1	470	309	778	0.0	841	1667327
5c7b7aa9a752dc5cb620e4520feaf6b7	gi|645320489|ref|NR_117683.1|	98.936	470	5	0	1	470	326	795	0.0	841	573
5c7b7aa9a752dc5cb620e4520feaf6b7	gi|631252504|ref|NR_113702.1|	98.723	470	6	0	1	470	309	778	0.0	841	573
96c766ef19dce7034bd3594399bec51e	gi|659364522|ref|NR_121696.1|	99.323	443	3	0	1	443	328	770	0.0	802	446660
96c766ef19dce7034bd3594399bec51e	gi|631253204|ref|NR_114402.1|	99.323	443	3	0	1	443	328	770	0.0	802	394340
96c766ef19dce7034bd3594399bec51e	gi|631252209|ref|NR_113407.1|	99.323	443	3	0	1	443	328	770	0.0	802	446660
96c766ef19dce7034bd3594399bec51e	gi|343200922|ref|NR_041609.1|	99.323	443	3	0	1	443	328	770	0.0	802	446660
96c766ef19dce7034bd3594399bec51e	gi|343200807|ref|NR_041494.1|	99.323	443	3	0	1	443	328	770	0.0	802	1121021
96c766ef19dce7034bd3594399bec51e	gi|2363082244|ref|NR_179369.1|	99.097	443	4	0	1	443	331	773	0.0	797	2707299
96c766ef19dce7034bd3594399bec51e	gi|2836274974|ref|NR_197737.1|	98.423	444	6	1	1	443	328	771	0.0	780	3111773
96c766ef19dce7034bd3594399bec51e	gi|2836274973|ref|NR_197736.1|	97.978	445	5	4	1	443	332	774	0.0	769	3111451
96c766ef19dce7034bd3594399bec51e	gi|343202351|ref|NR_042637.1|	97.528	445	7	4	1	443	279	721	0.0	758	580026
96c766ef19dce7034bd3594399bec51e	gi|636559808|ref|NR_115868.1|	96.868	447	8	6	1	443	328	772	0.0	743	1235794
eac278b1fe87abec5ac3f24c3708d2e9	gi|2363082244|ref|NR_179369.1|	98.646	443	6	0	1	443	331	773	0.0	785	2707299
eac278b1fe87abec5ac3f24c3708d2e9	gi|2836274974|ref|NR_197737.1|	98.423	444	6	1	1	443	328	771	0.0	780	3111773
eac278b1fe87abec5ac3f24c3708d2e9	gi|659364522|ref|NR_121696.1|	98.420	443	7	0	1	443	328	770	0.0	780	446660
eac278b1fe87abec5ac3f24c3708d2e9	gi|631253204|ref|NR_114402.1|	98.420	443	7	0	1	443	328	770	0.0	780	394340
eac278b1fe87abec5ac3f24c3708d2e9	gi|631252209|ref|NR_113407.1|	98.420	443	7	0	1	443	328	770	0.0	780	446660
eac278b1fe87abec5ac3f24c3708d2e9	gi|343200922|ref|NR_041609.1|	98.420	443	7	0	1	443	328	770	0.0	780	446660
eac278b1fe87abec5ac3f24c3708d2e9	gi|343200807|ref|NR_041494.1|	98.420	443	7	0	1	443	328	770	0.0	780	1121021
eac278b1fe87abec5ac3f24c3708d2e9	gi|2836274973|ref|NR_197736.1|	97.309	446	6	6	1	443	332	774	0.0	752	3111451
eac278b1fe87abec5ac3f24c3708d2e9	gi|343202351|ref|NR_042637.1|	96.861	446	8	6	1	443	279	721	0.0	741	580026
eac278b1fe87abec5ac3f24c3708d2e9	gi|636559808|ref|NR_115868.1|	96.421	447	10	6	1	443	328	772	0.0	732	1235794
a4d478c8472915a8a15c6aa9ec292525	gi|343205678|ref|NR_044054.1|	99.101	445	4	0	1	445	294	738	0.0	800	1121115
a4d478c8472915a8a15c6aa9ec292525	gi|631253117|ref|NR_114315.1|	98.876	445	5	0	1	445	333	777	0.0	797	649762
a4d478c8472915a8a15c6aa9ec292525	gi|2363082685|ref|NR_179590.1|	98.655	446	5	1	1	445	324	769	0.0	791	1936059
a4d478c8472915a8a15c6aa9ec292525	gi|219846722|ref|NR_026314.1|	97.079	445	13	0	1	445	327	771	0.0	750	53443
a4d478c8472915a8a15c6aa9ec292525	gi|219846720|ref|NR_026312.1|	96.629	445	15	0	1	445	324	768	0.0	741	180164
a4d478c8472915a8a15c6aa9ec292525	gi|2363084170|ref|NR_180334.1|	96.629	445	15	0	1	445	250	694	0.0	739	2763028
a4d478c8472915a8a15c6aa9ec292525	gi|2363086300|ref|NR_181402.1|	96.629	445	15	0	1	445	297	741	0.0	739	2763028
a4d478c8472915a8a15c6aa9ec292525	gi|631252033|ref|NR_113231.1|	96.637	446	13	2	1	445	344	788	0.0	739	536633
a4d478c8472915a8a15c6aa9ec292525	gi|631251591|ref|NR_112789.1|	96.637	446	13	2	1	445	330	774	0.0	739	536633
a4d478c8472915a8a15c6aa9ec292525	gi|2363082673|ref|NR_179584.1|	96.413	446	14	2	1	445	324	768	0.0	734	1917888
c2a899be097c923fef88edd3a1b84189	gi|636560151|ref|NR_116211.1|	99.362	470	3	0	1	470	240	709	0.0	852	760570
c2a899be097c923fef88edd3a1b84189	gi|636559675|ref|NR_115735.1|	99.362	470	3	0	1	470	308	777	0.0	852	760570
c2a899be097c923fef88edd3a1b84189	gi|636559184|ref|NR_115241.1|	99.362	470	3	0	1	470	317	786	0.0	852	760570
c2a899be097c923fef88edd3a1b84189	gi|219857214|ref|NR_024842.1|	99.149	470	4	0	1	470	332	801	0.0	848	760570
c2a899be097c923fef88edd3a1b84189	gi|526641946|ref|NR_103943.1|	99.149	470	4	0	1	470	343	812	0.0	846	1302863
c2a899be097c923fef88edd3a1b84189	gi|566085621|ref|NR_109720.1|	99.149	470	4	0	1	470	311	780	0.0	846	1234680
c2a899be097c923fef88edd3a1b84189	gi|310975072|ref|NR_036936.1|	99.149	470	4	0	1	470	317	786	0.0	846	113107
c2a899be097c923fef88edd3a1b84189	gi|265678747|ref|NR_029052.1|	99.149	470	4	0	1	470	305	774	0.0	846	45634
c2a899be097c923fef88edd3a1b84189	gi|636560144|ref|NR_116204.1|	98.936	470	5	0	1	470	240	709	0.0	841	889201
c2a899be097c923fef88edd3a1b84189	gi|636559217|ref|NR_115274.1|	98.936	470	5	0	1	470	315	784	0.0	841	889201
de4a4e31e017d20f7d3d4258a5d9f41e	gi|559795314|ref|NR_104907.1|	95.526	447	18	2	1	446	312	757	0.0	713	290054
de4a4e31e017d20f7d3d4258a5d9f41e	gi|2136551683|ref|NR_173688.1|	93.274	446	29	1	1	446	318	762	0.0	656	2780922
de4a4e31e017d20f7d3d4258a5d9f41e	gi|507148077|ref|NR_102884.1|	91.071	448	35	5	1	446	328	772	1.67e-171	601	213810
de4a4e31e017d20f7d3d4258a5d9f41e	gi|1445136071|ref|NR_158111.1|	90.848	448	35	6	1	446	346	789	7.76e-170	595	2038680
de4a4e31e017d20f7d3d4258a5d9f41e	gi|1864207164|ref|NR_169458.1|	90.583	446	41	1	1	446	342	786	3.61e-168	590	2164149
de4a4e31e017d20f7d3d4258a5d9f41e	gi|3248465648|ref|NR_201660.1|	90.359	446	42	1	1	446	316	760	1.68e-166	584	3417630
de4a4e31e017d20f7d3d4258a5d9f41e	gi|3248465644|ref|NR_201656.1|	90.380	447	40	3	1	446	326	770	1.68e-166	584	3417633
de4a4e31e017d20f7d3d4258a5d9f41e	gi|2363082585|ref|NR_179539.1|	90.380	447	39	4	1	446	348	791	1.68e-166	584	1852384
de4a4e31e017d20f7d3d4258a5d9f41e	gi|636558832|ref|NR_114889.1|	90.402	448	37	6	1	446	274	717	1.68e-166	584	213810
de4a4e31e017d20f7d3d4258a5d9f41e	gi|636558732|ref|NR_114789.1|	90.402	448	38	5	1	446	344	788	1.68e-166	584	1535
222dc94da11ac79830bbdeebbc43c71e	gi|228718376|ref|NR_027573.1|	99.550	444	2	0	1	444	300	743	0.0	809	261299
222dc94da11ac79830bbdeebbc43c71e	gi|645322235|ref|NR_119034.1|	98.423	444	6	1	1	444	317	759	0.0	780	1121321
222dc94da11ac79830bbdeebbc43c71e	gi|631251934|ref|NR_113132.1|	98.198	444	8	0	1	444	318	761	0.0	776	1121308
222dc94da11ac79830bbdeebbc43c71e	gi|2363081240|ref|NR_178864.1|	97.973	444	9	0	1	444	318	761	0.0	771	1507512
222dc94da11ac79830bbdeebbc43c71e	gi|631251942|ref|NR_113140.1|	97.973	444	9	0	1	444	316	759	0.0	771	1505
222dc94da11ac79830bbdeebbc43c71e	gi|645319814|ref|NR_117174.1|	97.748	444	10	0	1	444	313	756	0.0	765	1737
222dc94da11ac79830bbdeebbc43c71e	gi|631250758|ref|NR_104812.1|	97.748	444	10	0	1	444	315	758	0.0	765	1737
222dc94da11ac79830bbdeebbc43c71e	gi|559795110|ref|NR_104696.1|	97.748	444	10	0	1	444	316	759	0.0	765	29358
222dc94da11ac79830bbdeebbc43c71e	gi|636559738|ref|NR_115798.1|	97.748	444	10	0	1	444	318	761	0.0	765	1737
222dc94da11ac79830bbdeebbc43c71e	gi|636559737|ref|NR_115797.1|	97.748	444	10	0	1	444	318	761	0.0	765	1737
719417e5354e3e6cfb97bc9e7cfcf26f	gi|1269785370|ref|NR_121697.2|	99.551	445	2	0	1	445	337	781	0.0	811	195103
719417e5354e3e6cfb97bc9e7cfcf26f	gi|631252006|ref|NR_113204.1|	99.551	445	2	0	1	445	330	774	0.0	811	1502
719417e5354e3e6cfb97bc9e7cfcf26f	gi|631250972|ref|NR_112169.1|	99.551	445	2	0	1	445	304	748	0.0	811	195103
719417e5354e3e6cfb97bc9e7cfcf26f	gi|559795154|ref|NR_104741.1|	97.528	445	11	0	1	445	323	767	0.0	761	39493
719417e5354e3e6cfb97bc9e7cfcf26f	gi|1269847389|ref|NR_041006.2|	96.854	445	14	0	1	445	337	781	0.0	745	29369
719417e5354e3e6cfb97bc9e7cfcf26f	gi|1269801278|ref|NR_112226.2|	96.854	445	14	0	1	445	337	781	0.0	745	29369
719417e5354e3e6cfb97bc9e7cfcf26f	gi|2363080399|ref|NR_178427.1|	96.854	445	14	0	1	445	330	774	0.0	745	1347366
719417e5354e3e6cfb97bc9e7cfcf26f	gi|265678921|ref|NR_029229.1|	96.854	445	14	0	1	445	331	775	0.0	745	1561
719417e5354e3e6cfb97bc9e7cfcf26f	gi|631252127|ref|NR_113325.1|	96.629	445	15	0	1	445	330	774	0.0	739	1559
719417e5354e3e6cfb97bc9e7cfcf26f	gi|310975222|ref|NR_037086.1|	96.629	445	15	0	1	445	313	757	0.0	739	1559
872a8d60878c9665bb92f7f58264e0b3	gi|559795314|ref|NR_104907.1|	97.309	446	12	0	1	446	312	757	0.0	758	290054
872a8d60878c9665bb92f7f58264e0b3	gi|2136551683|ref|NR_173688.1|	92.601	446	32	1	1	446	318	762	0.0	640	2780922
872a8d60878c9665bb92f7f58264e0b3	gi|507148077|ref|NR_102884.1|	91.071	448	35	5	1	446	328	772	1.67e-171	601	213810
872a8d60878c9665bb92f7f58264e0b3	gi|1864207164|ref|NR_169458.1|	90.359	446	42	1	1	446	342	786	1.68e-166	584	2164149
872a8d60878c9665bb92f7f58264e0b3	gi|636558832|ref|NR_114889.1|	90.402	448	37	6	1	446	274	717	1.68e-166	584	213810
872a8d60878c9665bb92f7f58264e0b3	gi|1445136071|ref|NR_158111.1|	89.755	449	38	7	1	446	346	789	1.69e-161	568	2038680
872a8d60878c9665bb92f7f58264e0b3	gi|2363082601|ref|NR_179547.1|	89.509	448	42	5	1	446	344	788	7.87e-160	562	1870991
872a8d60878c9665bb92f7f58264e0b3	gi|2363082585|ref|NR_179539.1|	89.509	448	41	6	1	446	348	791	7.87e-160	562	1852384
872a8d60878c9665bb92f7f58264e0b3	gi|444303976|ref|NR_074399.1|	89.485	447	44	3	1	446	330	774	7.87e-160	562	697329
872a8d60878c9665bb92f7f58264e0b3	gi|631251834|ref|NR_113032.1|	89.485	447	44	3	1	446	330	774	7.87e-160	562	1264
abe67de3ef85d0531e1036d46c88fde3	gi|2363086296|ref|NR_181400.1|	97.748	444	10	0	1	444	245	688	0.0	767	2764712
abe67de3ef85d0531e1036d46c88fde3	gi|2363086298|ref|NR_181401.1|	96.847	444	14	0	1	444	300	743	0.0	743	2763645
abe67de3ef85d0531e1036d46c88fde3	gi|2463901899|ref|NR_184630.1|	93.049	446	29	1	1	444	340	785	0.0	651	2839743
abe67de3ef85d0531e1036d46c88fde3	gi|1116030291|ref|NR_144749.1|	92.601	446	31	2	1	444	344	789	0.0	640	1852367
abe67de3ef85d0531e1036d46c88fde3	gi|2363085330|ref|NR_180913.1|	91.946	447	33	2	1	444	324	770	3.54e-178	623	2697030
abe67de3ef85d0531e1036d46c88fde3	gi|1116030279|ref|NR_144737.1|	91.723	447	34	1	1	444	344	790	1.65e-176	617	1776384
abe67de3ef85d0531e1036d46c88fde3	gi|2136551617|ref|NR_173621.1|	91.723	447	34	1	1	444	351	797	1.65e-176	617	2818044
abe67de3ef85d0531e1036d46c88fde3	gi|939733310|ref|NR_133037.1|	91.723	447	34	2	1	444	345	791	1.65e-176	617	938278
abe67de3ef85d0531e1036d46c88fde3	gi|1491520133|ref|NR_159296.1|	91.723	447	34	1	1	444	332	778	1.65e-176	617	433296
abe67de3ef85d0531e1036d46c88fde3	gi|2363082617|ref|NR_179555.1|	91.499	447	35	2	1	444	344	790	5.93e-176	616	1871012
49c93ecf366e246dad63ac83a6734b7b	gi|2363083800|ref|NR_180148.1|	99.330	448	3	0	1	448	346	793	0.0	811	2211183
49c93ecf366e246dad63ac83a6734b7b	gi|2363082352|ref|NR_179423.1|	94.866	448	23	0	1	448	346	793	0.0	701	1689270
49c93ecf366e246dad63ac83a6734b7b	gi|2363082358|ref|NR_179426.1|	93.750	448	28	0	1	448	346	793	0.0	673	1702285
49c93ecf366e246dad63ac83a6734b7b	gi|1109168025|ref|NR_144611.1|	93.750	448	28	0	1	448	279	726	0.0	673	1417852
49c93ecf366e246dad63ac83a6734b7b	gi|2363084741|ref|NR_180619.1|	93.527	448	29	0	1	448	344	791	0.0	667	2779352
49c93ecf366e246dad63ac83a6734b7b	gi|645321636|ref|NR_118554.1|	93.527	448	29	0	1	448	326	773	0.0	667	1297617
49c93ecf366e246dad63ac83a6734b7b	gi|2136551692|ref|NR_173697.1|	93.527	448	28	1	1	448	346	792	0.0	665	2108523
49c93ecf366e246dad63ac83a6734b7b	gi|219846080|ref|NR_025670.1|	93.304	448	30	0	1	448	326	773	0.0	662	411467
49c93ecf366e246dad63ac83a6734b7b	gi|219846612|ref|NR_026204.1|	92.889	450	28	4	1	448	325	772	0.0	652	47246
49c93ecf366e246dad63ac83a6734b7b	gi|3030611324|ref|NR_200000.1|	92.857	448	32	0	1	448	298	745	0.0	651	3342383
a708b32d6b2cf5f771f5cbaf7c5effb7	gi|631251745|ref|NR_112943.1|	99.140	465	4	0	1	465	323	787	0.0	837	449673
a708b32d6b2cf5f771f5cbaf7c5effb7	gi|224581415|ref|NR_027196.1|	98.280	465	8	0	1	465	314	778	0.0	817	449673
a708b32d6b2cf5f771f5cbaf7c5effb7	gi|631251867|ref|NR_113065.1|	96.989	465	14	0	1	465	335	799	0.0	782	762984
a708b32d6b2cf5f771f5cbaf7c5effb7	gi|631251695|ref|NR_112893.1|	96.989	465	14	0	1	465	315	779	0.0	782	762984
a708b32d6b2cf5f771f5cbaf7c5effb7	gi|2363086949|ref|NR_181731.1|	96.774	465	15	0	1	465	287	751	0.0	776	2834112
a708b32d6b2cf5f771f5cbaf7c5effb7	gi|343200620|ref|NR_041307.1|	96.774	465	15	0	1	465	331	795	0.0	776	329854
a708b32d6b2cf5f771f5cbaf7c5effb7	gi|631251735|ref|NR_112933.1|	96.352	466	15	2	1	465	331	795	0.0	765	246787
a708b32d6b2cf5f771f5cbaf7c5effb7	gi|2363086550|ref|NR_181532.1|	96.129	465	18	0	1	465	319	783	0.0	760	2763025
a708b32d6b2cf5f771f5cbaf7c5effb7	gi|343200761|ref|NR_041448.1|	96.129	465	18	0	1	465	319	783	0.0	760	376806
a708b32d6b2cf5f771f5cbaf7c5effb7	gi|631251747|ref|NR_112945.1|	95.699	465	20	0	1	465	324	788	0.0	749	820
af5a732d3e1240357ed6eb59913a6b2a	gi|1109168034|ref|NR_144615.1|	99.360	469	3	0	1	469	313	781	0.0	850	1796628
af5a732d3e1240357ed6eb59913a6b2a	gi|219856912|ref|NR_024733.1|	93.263	475	20	8	1	469	324	792	0.0	689	1297794
af5a732d3e1240357ed6eb59913a6b2a	gi|2363083393|ref|NR_179945.1|	92.964	469	33	0	1	469	277	745	0.0	684	2899121
af5a732d3e1240357ed6eb59913a6b2a	gi|2260349423|ref|NR_176505.1|	92.812	473	26	7	1	469	311	779	0.0	678	1982628
af5a732d3e1240357ed6eb59913a6b2a	gi|645322566|ref|NR_119286.1|	92.553	470	33	2	1	469	310	778	0.0	673	69824
af5a732d3e1240357ed6eb59913a6b2a	gi|3030611330|ref|NR_200006.1|	92.324	469	36	0	1	469	330	798	0.0	667	3035606
af5a732d3e1240357ed6eb59913a6b2a	gi|343203026|ref|NR_043550.1|	92.324	469	36	0	1	469	324	792	0.0	667	341225
af5a732d3e1240357ed6eb59913a6b2a	gi|2260349424|ref|NR_176506.1|	92.178	473	29	7	1	469	312	780	0.0	662	1982626
af5a732d3e1240357ed6eb59913a6b2a	gi|1116030280|ref|NR_144738.1|	92.128	470	35	2	1	469	323	791	0.0	662	1776392
af5a732d3e1240357ed6eb59913a6b2a	gi|631253195|ref|NR_114393.1|	92.128	470	35	2	1	469	323	791	0.0	662	29348
73c71e369ea6219082c136c438177457	gi|444303954|ref|NR_074377.1|	99.324	444	3	0	1	444	328	771	0.0	804	84112
73c71e369ea6219082c136c438177457	gi|631251960|ref|NR_113158.1|	99.324	444	3	0	1	444	328	771	0.0	804	84112
73c71e369ea6219082c136c438177457	gi|310975225|ref|NR_037089.1|	99.324	444	3	0	1	444	328	771	0.0	804	84112
73c71e369ea6219082c136c438177457	gi|631250842|ref|NR_112038.1|	99.324	444	3	0	1	444	331	774	0.0	804	84112
73c71e369ea6219082c136c438177457	gi|343198543|ref|NR_042840.1|	98.649	444	6	0	1	444	308	751	0.0	787	883107
73c71e369ea6219082c136c438177457	gi|1193829137|ref|NR_147380.1|	98.198	444	8	0	1	444	328	771	0.0	776	1871008
73c71e369ea6219082c136c438177457	gi|2363084900|ref|NR_180698.1|	98.198	444	8	0	1	444	328	771	0.0	776	2690837
73c71e369ea6219082c136c438177457	gi|2363081735|ref|NR_179114.1|	94.855	447	18	5	1	444	262	706	0.0	693	2070686
73c71e369ea6219082c136c438177457	gi|2363081733|ref|NR_179113.1|	94.843	446	18	5	1	444	279	721	0.0	691	2070688
73c71e369ea6219082c136c438177457	gi|659364522|ref|NR_121696.1|	94.595	444	23	1	1	444	328	770	0.0	686	446660
8edb253ebb1c7e0d68a7085369eb299b	gi|265678854|ref|NR_029160.1|	98.876	445	5	0	1	445	290	734	0.0	795	40519
8edb253ebb1c7e0d68a7085369eb299b	gi|507148077|ref|NR_102884.1|	94.631	447	20	4	1	445	328	772	0.0	689	213810
8edb253ebb1c7e0d68a7085369eb299b	gi|219846341|ref|NR_025931.1|	94.631	447	20	4	1	445	305	749	0.0	689	1265
8edb253ebb1c7e0d68a7085369eb299b	gi|636558832|ref|NR_114889.1|	93.960	447	22	5	1	445	274	717	0.0	671	213810
8edb253ebb1c7e0d68a7085369eb299b	gi|3248465648|ref|NR_201660.1|	93.750	448	22	5	1	445	316	760	0.0	667	3417630
8edb253ebb1c7e0d68a7085369eb299b	gi|3248465644|ref|NR_201656.1|	92.809	445	32	0	1	445	326	770	0.0	645	3417633
8edb253ebb1c7e0d68a7085369eb299b	gi|1864207164|ref|NR_169458.1|	91.723	447	33	4	1	445	342	786	1.65e-176	617	2164149
8edb253ebb1c7e0d68a7085369eb299b	gi|2363082601|ref|NR_179547.1|	91.051	447	36	4	1	445	344	788	1.66e-171	601	1870991
8edb253ebb1c7e0d68a7085369eb299b	gi|444303976|ref|NR_074399.1|	90.787	445	41	0	1	445	330	774	7.74e-170	595	697329
8edb253ebb1c7e0d68a7085369eb299b	gi|631251834|ref|NR_113032.1|	90.787	445	41	0	1	445	330	774	7.74e-170	595	1264
c1b8628a07027168ccd2884eaf506b61	gi|1277396189|ref|NR_151900.1|	99.326	445	3	0	1	445	348	792	0.0	806	1550024
c1b8628a07027168ccd2884eaf506b61	gi|2962412223|ref|NR_199417.1|	93.764	449	20	8	1	445	339	783	0.0	667	3136601
c1b8628a07027168ccd2884eaf506b61	gi|559795255|ref|NR_104846.1|	93.708	445	28	0	1	445	285	729	0.0	667	745368
c1b8628a07027168ccd2884eaf506b61	gi|1397641802|ref|NR_156911.1|	93.498	446	27	2	1	445	348	792	0.0	662	1650663
c1b8628a07027168ccd2884eaf506b61	gi|2363084747|ref|NR_180622.1|	93.483	445	29	0	1	445	332	776	0.0	662	2779354
c1b8628a07027168ccd2884eaf506b61	gi|265678692|ref|NR_028997.1|	93.274	446	29	1	1	445	300	745	0.0	656	214851
c1b8628a07027168ccd2884eaf506b61	gi|2363080123|ref|NR_178280.1|	92.360	445	34	0	1	445	328	772	0.0	634	411483
c1b8628a07027168ccd2884eaf506b61	gi|3030611269|ref|NR_199945.1|	92.135	445	35	0	1	445	332	776	7.63e-180	628	3435293
c1b8628a07027168ccd2884eaf506b61	gi|265678656|ref|NR_028961.1|	92.135	445	35	0	1	445	324	768	7.63e-180	628	853
c1b8628a07027168ccd2884eaf506b61	gi|2363080175|ref|NR_178311.1|	91.928	446	34	2	1	445	409	853	3.55e-178	623	2903556
966626f49afccdd38073973676be0245	gi|1277396271|ref|NR_151982.1|	99.330	448	3	0	1	448	245	692	0.0	811	1628085
966626f49afccdd38073973676be0245	gi|1277396349|ref|NR_152060.1|	99.107	448	4	0	1	448	333	780	0.0	808	1712515
966626f49afccdd38073973676be0245	gi|545589041|ref|NR_044644.2|	95.982	448	16	1	1	448	351	796	0.0	734	39484
966626f49afccdd38073973676be0245	gi|1193829128|ref|NR_147371.1|	95.982	448	16	1	1	448	274	719	0.0	726	1871029
966626f49afccdd38073973676be0245	gi|343205971|ref|NR_044490.1|	95.100	449	21	1	1	448	345	793	0.0	706	501571
966626f49afccdd38073973676be0245	gi|2363082930|ref|NR_179713.1|	94.420	448	25	0	1	448	316	763	0.0	689	1945634
966626f49afccdd38073973676be0245	gi|2363087009|ref|NR_181761.1|	92.634	448	32	1	1	448	266	712	0.0	643	2841509
966626f49afccdd38073973676be0245	gi|645321636|ref|NR_118554.1|	90.625	448	42	0	1	448	326	773	7.79e-170	595	1297617
966626f49afccdd38073973676be0245	gi|3248465658|ref|NR_201672.1|	90.423	449	41	2	1	448	293	740	3.63e-168	590	3381350
966626f49afccdd38073973676be0245	gi|2363082352|ref|NR_179423.1|	90.423	449	41	2	1	448	346	793	3.63e-168	590	1689270
336db808756d1d2a430d2ba4117ec4e8	gi|444304189|ref|NR_074613.1|	99.326	445	3	0	1	445	347	791	0.0	806	515620
336db808756d1d2a430d2ba4117ec4e8	gi|559795246|ref|NR_104836.1|	96.404	445	16	0	1	445	330	774	0.0	734	706562
336db808756d1d2a430d2ba4117ec4e8	gi|559795169|ref|NR_104758.1|	95.955	445	18	0	1	445	342	786	0.0	723	1282887
336db808756d1d2a430d2ba4117ec4e8	gi|645321781|ref|NR_118667.1|	95.291	446	19	2	1	445	352	796	0.0	719	28052
336db808756d1d2a430d2ba4117ec4e8	gi|1277396183|ref|NR_151894.1|	93.933	445	27	0	1	445	332	776	0.0	673	433293
336db808756d1d2a430d2ba4117ec4e8	gi|343198925|ref|NR_044049.1|	93.933	445	27	0	1	445	313	757	0.0	673	33043
336db808756d1d2a430d2ba4117ec4e8	gi|645321783|ref|NR_118669.1|	93.034	445	31	0	1	445	352	796	0.0	667	39479
336db808756d1d2a430d2ba4117ec4e8	gi|343202586|ref|NR_042953.1|	93.722	446	26	2	1	445	305	749	0.0	667	264463
336db808756d1d2a430d2ba4117ec4e8	gi|219846511|ref|NR_026103.1|	93.483	445	29	0	1	445	313	757	0.0	662	37658
336db808756d1d2a430d2ba4117ec4e8	gi|219857405|ref|NR_024993.1|	93.498	446	27	2	1	445	346	790	0.0	662	99656
cd97133a540af10051f2233f02a258f5	gi|645321785|ref|NR_118670.1|	97.079	445	13	0	1	445	354	798	0.0	758	39496
cd97133a540af10051f2233f02a258f5	gi|219857617|ref|NR_025206.1|	94.831	445	23	0	1	445	311	755	0.0	695	180286
cd97133a540af10051f2233f02a258f5	gi|2363086310|ref|NR_181407.1|	94.170	446	24	2	1	445	352	796	0.0	678	2850323
cd97133a540af10051f2233f02a258f5	gi|1397641798|ref|NR_156907.1|	93.933	445	27	0	1	445	345	789	0.0	673	1912855
cd97133a540af10051f2233f02a258f5	gi|631250892|ref|NR_112089.1|	93.933	445	27	0	1	445	333	777	0.0	673	553973
cd97133a540af10051f2233f02a258f5	gi|224581401|ref|NR_024719.1|	93.933	445	26	1	1	445	338	781	0.0	671	89153
cd97133a540af10051f2233f02a258f5	gi|219857618|ref|NR_025207.1|	93.708	445	28	0	1	445	318	762	0.0	669	180311
cd97133a540af10051f2233f02a258f5	gi|2363082765|ref|NR_179631.1|	93.708	445	28	0	1	445	345	789	0.0	667	2014528
cd97133a540af10051f2233f02a258f5	gi|631253194|ref|NR_114392.1|	93.722	446	26	2	1	445	347	791	0.0	667	1544
cd97133a540af10051f2233f02a258f5	gi|2363086308|ref|NR_181406.1|	93.722	446	26	2	1	445	354	798	0.0	667	2850322
37c54e03e8df34f6eeab571a726fd98f	gi|1315204023|ref|NR_152692.1|	99.788	471	1	0	1	471	339	809	0.0	865	1890302
37c54e03e8df34f6eeab571a726fd98f	gi|1441204318|ref|NR_157733.1|	99.788	471	1	0	1	471	339	809	0.0	865	2026187
37c54e03e8df34f6eeab571a726fd98f	gi|1441204316|ref|NR_157731.1|	99.788	471	1	0	1	471	339	809	0.0	865	2026190
37c54e03e8df34f6eeab571a726fd98f	gi|1441204319|ref|NR_157734.1|	99.788	471	1	0	1	471	339	809	0.0	865	2026194
37c54e03e8df34f6eeab571a726fd98f	gi|1441204313|ref|NR_157728.1|	99.788	471	1	0	1	471	339	809	0.0	865	2026186
37c54e03e8df34f6eeab571a726fd98f	gi|1441204320|ref|NR_157735.1|	99.788	471	1	0	1	471	339	809	0.0	865	2026192
37c54e03e8df34f6eeab571a726fd98f	gi|1441204314|ref|NR_157729.1|	99.788	471	1	0	1	471	339	809	0.0	865	2026188;2026189;2026191;2026193
37c54e03e8df34f6eeab571a726fd98f	gi|2363083929|ref|NR_180213.1|	99.788	471	1	0	1	471	346	816	0.0	865	2338372
37c54e03e8df34f6eeab571a726fd98f	gi|2221405510|ref|NR_175557.1|	99.788	471	1	0	1	471	298	768	0.0	865	2817478
37c54e03e8df34f6eeab571a726fd98f	gi|2221405508|ref|NR_175556.1|	99.788	471	1	0	1	471	297	767	0.0	865	2817477
