2f4a2b08eec8d8d5f66dc0d20552881f	gi|444439587|ref|NR_074902.1|	100.000	429	0	0	1	429	358	786	0.0	793	585054
2f4a2b08eec8d8d5f66dc0d20552881f	gi|631252881|ref|NR_114079.1|	100.000	429	0	0	1	429	331	759	0.0	793	564
2f4a2b08eec8d8d5f66dc0d20552881f	gi|559795236|ref|NR_104826.1|	100.000	429	0	0	1	429	338	766	0.0	793	624
2f4a2b08eec8d8d5f66dc0d20552881f	gi|631251361|ref|NR_112558.1|	100.000	429	0	0	1	429	191	619	0.0	793	562
2f4a2b08eec8d8d5f66dc0d20552881f	gi|228716249|ref|NR_027549.1|	100.000	429	0	0	1	429	324	752	0.0	793	585054
2f4a2b08eec8d8d5f66dc0d20552881f	gi|219846739|ref|NR_026331.1|	100.000	429	0	0	1	429	339	767	0.0	793	623
2f4a2b08eec8d8d5f66dc0d20552881f	gi|645322332|ref|NR_119109.1|	100.000	429	0	0	1	429	344	772	0.0	793	566
2f4a2b08eec8d8d5f66dc0d20552881f	gi|631252844|ref|NR_114042.1|	99.767	429	1	0	1	429	331	759	0.0	789	562
2f4a2b08eec8d8d5f66dc0d20552881f	gi|219722938|ref|NR_024570.1|	99.767	429	1	0	1	429	349	777	0.0	789	562
2f4a2b08eec8d8d5f66dc0d20552881f	gi|1018196593|ref|NR_136472.1|	99.767	429	1	0	1	429	351	779	0.0	787	1499973
1cc7e5a05cf232d0e5d30035b3ab61bc	gi|645322331|ref|NR_119108.1|	100.000	429	0	0	1	429	356	784	0.0	793	90371
1cc7e5a05cf232d0e5d30035b3ab61bc	gi|444439595|ref|NR_074910.1|	100.000	429	0	0	1	429	348	776	0.0	793	90371
1cc7e5a05cf232d0e5d30035b3ab61bc	gi|559795123|ref|NR_104709.1|	100.000	429	0	0	1	429	331	759	0.0	793	59201
1cc7e5a05cf232d0e5d30035b3ab61bc	gi|343205888|ref|NR_044373.1|	100.000	429	0	0	1	429	279	707	0.0	793	59204
1cc7e5a05cf232d0e5d30035b3ab61bc	gi|636560066|ref|NR_116126.1|	100.000	429	0	0	1	429	147	575	0.0	793	90371
1cc7e5a05cf232d0e5d30035b3ab61bc	gi|343205887|ref|NR_044372.1|	100.000	429	0	0	1	429	327	755	0.0	793	59202
1cc7e5a05cf232d0e5d30035b3ab61bc	gi|343205886|ref|NR_044371.1|	100.000	429	0	0	1	429	322	750	0.0	793	59205
1cc7e5a05cf232d0e5d30035b3ab61bc	gi|1270533052|ref|NR_102794.2|	99.767	429	1	0	1	429	356	784	0.0	787	550
1cc7e5a05cf232d0e5d30035b3ab61bc	gi|645320484|ref|NR_117679.1|	99.767	429	1	0	1	429	345	773	0.0	787	550
1cc7e5a05cf232d0e5d30035b3ab61bc	gi|631252956|ref|NR_114154.1|	99.767	429	1	0	1	429	329	757	0.0	787	83655
f2498d6f9a80f8edbd73769914d8a38a	gi|645321287|ref|NR_118290.1|	100.000	430	0	0	1	430	307	736	0.0	795	72360
f2498d6f9a80f8edbd73769914d8a38a	gi|636560125|ref|NR_116185.1|	100.000	430	0	0	1	430	221	650	0.0	795	72360
f2498d6f9a80f8edbd73769914d8a38a	gi|631251528|ref|NR_112725.1|	100.000	430	0	0	1	430	337	766	0.0	795	72360
f2498d6f9a80f8edbd73769914d8a38a	gi|636559006|ref|NR_115063.1|	100.000	430	0	0	1	430	354	783	0.0	795	260554
f2498d6f9a80f8edbd73769914d8a38a	gi|636559869|ref|NR_115929.1|	100.000	430	0	0	1	430	335	764	0.0	795	260554
f2498d6f9a80f8edbd73769914d8a38a	gi|636559225|ref|NR_115282.1|	100.000	430	0	0	1	430	331	760	0.0	795	260554
f2498d6f9a80f8edbd73769914d8a38a	gi|219856874|ref|NR_024693.1|	100.000	430	0	0	1	430	348	777	0.0	795	72360
f2498d6f9a80f8edbd73769914d8a38a	gi|1269801279|ref|NR_112116.2|	99.767	430	1	0	1	430	364	793	0.0	789	1423
f2498d6f9a80f8edbd73769914d8a38a	gi|2363087391|ref|NR_181952.1|	99.767	430	1	0	1	430	331	760	0.0	789	2054641
f2498d6f9a80f8edbd73769914d8a38a	gi|2363085967|ref|NR_181236.1|	99.767	430	1	0	1	430	362	791	0.0	789	2715209
899f472bcb20419a21a9af29154f02ea	gi|1269801504|ref|NR_074998.2|	100.000	429	0	0	1	429	365	793	0.0	793	1643
899f472bcb20419a21a9af29154f02ea	gi|2363085716|ref|NR_181110.1|	100.000	429	0	0	1	429	366	794	0.0	793	2713603
899f472bcb20419a21a9af29154f02ea	gi|2363085708|ref|NR_181106.1|	100.000	429	0	0	1	429	273	701	0.0	793	2713505
899f472bcb20419a21a9af29154f02ea	gi|2363085704|ref|NR_181104.1|	100.000	429	0	0	1	429	366	794	0.0	793	2713501
899f472bcb20419a21a9af29154f02ea	gi|507148000|ref|NR_102807.1|	100.000	429	0	0	1	429	359	787	0.0	793	1640
899f472bcb20419a21a9af29154f02ea	gi|343198724|ref|NR_043519.1|	100.000	429	0	0	1	429	360	788	0.0	793	1643
899f472bcb20419a21a9af29154f02ea	gi|343198723|ref|NR_043518.1|	100.000	429	0	0	1	429	360	788	0.0	793	1640
899f472bcb20419a21a9af29154f02ea	gi|636560745|ref|NR_116805.1|	100.000	429	0	0	1	429	315	743	0.0	793	1642
899f472bcb20419a21a9af29154f02ea	gi|636560292|ref|NR_116352.1|	100.000	429	0	0	1	429	303	731	0.0	793	529731
899f472bcb20419a21a9af29154f02ea	gi|265679010|ref|NR_029318.1|	100.000	429	0	0	1	429	303	731	0.0	793	1642
448dbd891a66d6cbc432a90f68113186	gi|645320483|ref|NR_117678.1|	100.000	429	0	0	1	429	343	771	0.0	793	287
448dbd891a66d6cbc432a90f68113186	gi|631252401|ref|NR_113599.1|	100.000	429	0	0	1	429	325	753	0.0	793	287
448dbd891a66d6cbc432a90f68113186	gi|636558415|ref|NR_114471.1|	100.000	429	0	0	1	429	344	772	0.0	793	287
448dbd891a66d6cbc432a90f68113186	gi|636558900|ref|NR_114957.1|	99.534	429	2	0	1	429	288	716	0.0	782	310348
448dbd891a66d6cbc432a90f68113186	gi|2363082270|ref|NR_179382.1|	99.301	429	3	0	1	429	348	776	0.0	776	2725477
448dbd891a66d6cbc432a90f68113186	gi|2363087027|ref|NR_181770.1|	99.301	429	3	0	1	429	349	777	0.0	776	2822138
448dbd891a66d6cbc432a90f68113186	gi|645321509|ref|NR_118458.1|	99.301	429	3	0	1	429	317	745	0.0	776	1245526
448dbd891a66d6cbc432a90f68113186	gi|343202811|ref|NR_043289.1|	99.301	429	3	0	1	429	348	776	0.0	776	319939
448dbd891a66d6cbc432a90f68113186	gi|631250866|ref|NR_112062.1|	99.301	429	3	0	1	429	338	766	0.0	776	53412
448dbd891a66d6cbc432a90f68113186	gi|631252448|ref|NR_113646.1|	99.068	429	4	0	1	429	325	753	0.0	771	43263
57aefa5d0a0056772a9e3e71c4ddec1b	gi|559795334|ref|NR_104927.1|	100.000	429	0	0	1	429	355	783	0.0	793	1613
57aefa5d0a0056772a9e3e71c4ddec1b	gi|631252137|ref|NR_113335.1|	100.000	429	0	0	1	429	364	792	0.0	793	1613
57aefa5d0a0056772a9e3e71c4ddec1b	gi|645322169|ref|NR_118978.1|	97.442	430	9	2	1	429	263	691	0.0	747	1613
57aefa5d0a0056772a9e3e71c4ddec1b	gi|961555098|ref|NR_134066.1|	97.669	429	10	0	1	429	384	812	0.0	737	1450649
57aefa5d0a0056772a9e3e71c4ddec1b	gi|645320943|ref|NR_118032.1|	95.824	431	14	4	1	429	364	792	0.0	693	990412
57aefa5d0a0056772a9e3e71c4ddec1b	gi|3248465736|ref|NR_201750.1|	95.592	431	15	3	1	429	390	818	0.0	688	3480032
57aefa5d0a0056772a9e3e71c4ddec1b	gi|3248465735|ref|NR_201749.1|	95.592	431	15	3	1	429	335	763	0.0	688	3480033
57aefa5d0a0056772a9e3e71c4ddec1b	gi|2363087265|ref|NR_181888.1|	95.592	431	15	3	1	429	363	791	0.0	688	2888272
57aefa5d0a0056772a9e3e71c4ddec1b	gi|343202174|ref|NR_042523.1|	95.571	429	19	0	1	429	364	792	0.0	688	396268
57aefa5d0a0056772a9e3e71c4ddec1b	gi|265678709|ref|NR_029014.1|	95.592	431	15	3	1	429	286	714	0.0	688	231049
b9ab0d4d157f7bc63823c685a0819b56	gi|444439587|ref|NR_074902.1|	99.767	429	1	0	1	429	358	786	0.0	787	585054
b9ab0d4d157f7bc63823c685a0819b56	gi|631252881|ref|NR_114079.1|	99.767	429	1	0	1	429	331	759	0.0	787	564
b9ab0d4d157f7bc63823c685a0819b56	gi|559795236|ref|NR_104826.1|	99.767	429	1	0	1	429	338	766	0.0	787	624
b9ab0d4d157f7bc63823c685a0819b56	gi|631251361|ref|NR_112558.1|	99.767	429	1	0	1	429	191	619	0.0	787	562
b9ab0d4d157f7bc63823c685a0819b56	gi|228716249|ref|NR_027549.1|	99.767	429	1	0	1	429	324	752	0.0	787	585054
b9ab0d4d157f7bc63823c685a0819b56	gi|219846739|ref|NR_026331.1|	99.767	429	1	0	1	429	339	767	0.0	787	623
b9ab0d4d157f7bc63823c685a0819b56	gi|645322332|ref|NR_119109.1|	99.767	429	1	0	1	429	344	772	0.0	787	566
b9ab0d4d157f7bc63823c685a0819b56	gi|631252844|ref|NR_114042.1|	99.534	429	2	0	1	429	331	759	0.0	784	562
b9ab0d4d157f7bc63823c685a0819b56	gi|219722938|ref|NR_024570.1|	99.534	429	2	0	1	429	349	777	0.0	784	562
b9ab0d4d157f7bc63823c685a0819b56	gi|1018196593|ref|NR_136472.1|	99.534	429	2	0	1	429	351	779	0.0	782	1499973
c6cdc71a1f7376db5a843ade152ed641	gi|631252703|ref|NR_113901.1|	100.000	429	0	0	1	429	349	777	0.0	793	1351
c6cdc71a1f7376db5a843ade152ed641	gi|636559705|ref|NR_115765.1|	100.000	429	0	0	1	429	349	777	0.0	793	1351
c6cdc71a1f7376db5a843ade152ed641	gi|343200102|ref|NR_040789.1|	100.000	429	0	0	1	429	368	796	0.0	793	1351
c6cdc71a1f7376db5a843ade152ed641	gi|636558725|ref|NR_114782.1|	99.534	429	2	0	1	429	369	797	0.0	785	1351
c6cdc71a1f7376db5a843ade152ed641	gi|694190101|ref|NR_114783.2|	98.368	429	7	0	1	429	365	793	0.0	754	1354
c6cdc71a1f7376db5a843ade152ed641	gi|444439707|ref|NR_075022.1|	98.368	429	7	0	1	429	371	799	0.0	754	768486
c6cdc71a1f7376db5a843ade152ed641	gi|631252737|ref|NR_113935.1|	98.368	429	7	0	1	429	348	776	0.0	754	112904
c6cdc71a1f7376db5a843ade152ed641	gi|631252736|ref|NR_113934.1|	98.368	429	7	0	1	429	349	777	0.0	754	150033
c6cdc71a1f7376db5a843ade152ed641	gi|631252706|ref|NR_113904.1|	98.368	429	7	0	1	429	349	777	0.0	754	1352
c6cdc71a1f7376db5a843ade152ed641	gi|631252705|ref|NR_113903.1|	98.368	429	7	0	1	429	349	777	0.0	754	1352
c56b80d9154758d0ce647fb6c5ced4e3	gi|645322331|ref|NR_119108.1|	99.534	429	2	0	1	429	356	784	0.0	782	90371
c56b80d9154758d0ce647fb6c5ced4e3	gi|444439595|ref|NR_074910.1|	99.534	429	2	0	1	429	348	776	0.0	782	90371
c56b80d9154758d0ce647fb6c5ced4e3	gi|559795123|ref|NR_104709.1|	99.534	429	2	0	1	429	331	759	0.0	782	59201
c56b80d9154758d0ce647fb6c5ced4e3	gi|343205888|ref|NR_044373.1|	99.534	429	2	0	1	429	279	707	0.0	782	59204
c56b80d9154758d0ce647fb6c5ced4e3	gi|636560066|ref|NR_116126.1|	99.534	429	2	0	1	429	147	575	0.0	782	90371
c56b80d9154758d0ce647fb6c5ced4e3	gi|343205887|ref|NR_044372.1|	99.534	429	2	0	1	429	327	755	0.0	782	59202
c56b80d9154758d0ce647fb6c5ced4e3	gi|343205886|ref|NR_044371.1|	99.534	429	2	0	1	429	322	750	0.0	782	59205
c56b80d9154758d0ce647fb6c5ced4e3	gi|1270533052|ref|NR_102794.2|	99.301	429	3	0	1	429	356	784	0.0	776	550
c56b80d9154758d0ce647fb6c5ced4e3	gi|645320484|ref|NR_117679.1|	99.301	429	3	0	1	429	345	773	0.0	776	550
c56b80d9154758d0ce647fb6c5ced4e3	gi|631252956|ref|NR_114154.1|	99.301	429	3	0	1	429	329	757	0.0	776	83655
7735c24df5f9f16d42220e6280c4cf33	gi|645321287|ref|NR_118290.1|	99.767	430	1	0	1	430	307	736	0.0	789	72360
7735c24df5f9f16d42220e6280c4cf33	gi|636560125|ref|NR_116185.1|	99.767	430	1	0	1	430	221	650	0.0	789	72360
7735c24df5f9f16d42220e6280c4cf33	gi|631251528|ref|NR_112725.1|	99.767	430	1	0	1	430	337	766	0.0	789	72360
7735c24df5f9f16d42220e6280c4cf33	gi|636559006|ref|NR_115063.1|	99.767	430	1	0	1	430	354	783	0.0	789	260554
7735c24df5f9f16d42220e6280c4cf33	gi|636559869|ref|NR_115929.1|	99.767	430	1	0	1	430	335	764	0.0	789	260554
7735c24df5f9f16d42220e6280c4cf33	gi|636559225|ref|NR_115282.1|	99.767	430	1	0	1	430	331	760	0.0	789	260554
7735c24df5f9f16d42220e6280c4cf33	gi|219856874|ref|NR_024693.1|	99.767	430	1	0	1	430	348	777	0.0	789	72360
7735c24df5f9f16d42220e6280c4cf33	gi|1269801279|ref|NR_112116.2|	99.535	430	2	0	1	430	364	793	0.0	784	1423
7735c24df5f9f16d42220e6280c4cf33	gi|2363087391|ref|NR_181952.1|	99.535	430	2	0	1	430	331	760	0.0	784	2054641
7735c24df5f9f16d42220e6280c4cf33	gi|2363085967|ref|NR_181236.1|	99.535	430	2	0	1	430	362	791	0.0	784	2715209
1542e91c99d9766e4afa866f20f227e2	gi|1269859156|ref|NR_037007.2|	100.000	429	0	0	1	429	365	793	0.0	793	1280
1542e91c99d9766e4afa866f20f227e2	gi|1269785412|ref|NR_118997.2|	100.000	429	0	0	1	429	365	793	0.0	793	1280
1542e91c99d9766e4afa866f20f227e2	gi|2363087449|ref|NR_181985.1|	100.000	429	0	0	1	429	338	766	0.0	793	1654388
1542e91c99d9766e4afa866f20f227e2	gi|2363087447|ref|NR_181984.1|	100.000	429	0	0	1	429	338	766	0.0	793	985002
1542e91c99d9766e4afa866f20f227e2	gi|2363082986|ref|NR_179741.1|	100.000	429	0	0	1	429	310	738	0.0	793	1654388
1542e91c99d9766e4afa866f20f227e2	gi|2363082984|ref|NR_179740.1|	100.000	429	0	0	1	429	310	738	0.0	793	985002
1542e91c99d9766e4afa866f20f227e2	gi|2221405513|ref|NR_175559.1|	100.000	429	0	0	1	429	358	786	0.0	793	2699836
1542e91c99d9766e4afa866f20f227e2	gi|631252758|ref|NR_113956.1|	100.000	429	0	0	1	429	338	766	0.0	793	1280
1542e91c99d9766e4afa866f20f227e2	gi|343198638|ref|NR_043146.1|	100.000	429	0	0	1	429	339	767	0.0	793	911238
1542e91c99d9766e4afa866f20f227e2	gi|310974964|ref|NR_036828.1|	100.000	429	0	0	1	429	340	768	0.0	793	1280
f6f28ee86415068e9998585aa6621fca	gi|1269859156|ref|NR_037007.2|	99.767	429	1	0	1	429	365	793	0.0	787	1280
f6f28ee86415068e9998585aa6621fca	gi|1269785412|ref|NR_118997.2|	99.767	429	1	0	1	429	365	793	0.0	787	1280
f6f28ee86415068e9998585aa6621fca	gi|2363087449|ref|NR_181985.1|	99.767	429	1	0	1	429	338	766	0.0	787	1654388
f6f28ee86415068e9998585aa6621fca	gi|2363087447|ref|NR_181984.1|	99.767	429	1	0	1	429	338	766	0.0	787	985002
f6f28ee86415068e9998585aa6621fca	gi|2363082986|ref|NR_179741.1|	99.767	429	1	0	1	429	310	738	0.0	787	1654388
f6f28ee86415068e9998585aa6621fca	gi|2363082984|ref|NR_179740.1|	99.767	429	1	0	1	429	310	738	0.0	787	985002
f6f28ee86415068e9998585aa6621fca	gi|2221405513|ref|NR_175559.1|	99.767	429	1	0	1	429	358	786	0.0	787	2699836
f6f28ee86415068e9998585aa6621fca	gi|631252758|ref|NR_113956.1|	99.767	429	1	0	1	429	338	766	0.0	787	1280
f6f28ee86415068e9998585aa6621fca	gi|343198638|ref|NR_043146.1|	99.767	429	1	0	1	429	339	767	0.0	787	911238
f6f28ee86415068e9998585aa6621fca	gi|310974964|ref|NR_036828.1|	99.767	429	1	0	1	429	340	768	0.0	787	1280
5f2322361de71cc765ea5232150fb834	gi|645320483|ref|NR_117678.1|	96.503	429	15	0	1	429	343	771	0.0	710	287
5f2322361de71cc765ea5232150fb834	gi|631252401|ref|NR_113599.1|	96.503	429	15	0	1	429	325	753	0.0	710	287
5f2322361de71cc765ea5232150fb834	gi|636558415|ref|NR_114471.1|	96.503	429	15	0	1	429	344	772	0.0	710	287
5f2322361de71cc765ea5232150fb834	gi|636558900|ref|NR_114957.1|	96.037	429	17	0	1	429	288	716	0.0	699	310348
5f2322361de71cc765ea5232150fb834	gi|2363081913|ref|NR_179202.1|	95.804	429	18	0	1	429	325	753	0.0	693	1149133
5f2322361de71cc765ea5232150fb834	gi|2363082270|ref|NR_179382.1|	95.804	429	18	0	1	429	348	776	0.0	693	2725477
5f2322361de71cc765ea5232150fb834	gi|2363087027|ref|NR_181770.1|	95.804	429	18	0	1	429	349	777	0.0	693	2822138
5f2322361de71cc765ea5232150fb834	gi|645321509|ref|NR_118458.1|	95.804	429	18	0	1	429	317	745	0.0	693	1245526
5f2322361de71cc765ea5232150fb834	gi|2363080193|ref|NR_178320.1|	95.804	429	18	0	1	429	325	753	0.0	693	1149133
5f2322361de71cc765ea5232150fb834	gi|343202811|ref|NR_043289.1|	95.804	429	18	0	1	429	348	776	0.0	693	319939
c9d03de3690d3a246712e3d32d215891	gi|343206157|ref|NR_044747.1|	87.654	405	48	2	1	404	329	732	4.37e-132	470	947
c9d03de3690d3a246712e3d32d215891	gi|1270533066|ref|NR_074500.2|	87.407	405	49	2	1	404	350	753	2.03e-130	464	945
c9d03de3690d3a246712e3d32d215891	gi|659364651|ref|NR_121714.1|	87.407	405	49	2	1	404	354	757	2.03e-130	464	1423892
c9d03de3690d3a246712e3d32d215891	gi|1240411888|ref|NR_149220.1|	87.438	406	47	4	1	404	315	718	2.03e-130	464	752179
c9d03de3690d3a246712e3d32d215891	gi|219846371|ref|NR_025962.1|	87.407	405	49	2	1	404	341	744	2.03e-130	464	35795
c9d03de3690d3a246712e3d32d215891	gi|310975195|ref|NR_037059.1|	87.407	405	49	2	1	404	328	731	2.03e-130	464	945
c9d03de3690d3a246712e3d32d215891	gi|645321869|ref|NR_118741.1|	87.407	405	49	2	1	404	327	730	2.03e-130	464	944
c9d03de3690d3a246712e3d32d215891	gi|645320779|ref|NR_117903.1|	87.224	407	47	5	1	404	337	741	9.45e-129	459	1359168
c9d03de3690d3a246712e3d32d215891	gi|219846270|ref|NR_025860.1|	87.192	406	48	4	1	404	317	720	9.45e-129	459	784
c9d03de3690d3a246712e3d32d215891	gi|1269807825|ref|NR_074513.2|	86.946	406	50	3	1	404	348	752	4.40e-127	453	779
f0c550d1e83de1dceefcf6f1cf585788	gi|343202739|ref|NR_043174.1|	88.372	430	48	2	1	429	300	728	5.89e-146	516	298908
f0c550d1e83de1dceefcf6f1cf585788	gi|2363081080|ref|NR_178783.1|	87.907	430	50	2	1	429	298	726	1.28e-142	505	1691904
f0c550d1e83de1dceefcf6f1cf585788	gi|343200905|ref|NR_041592.1|	87.907	430	50	2	1	429	300	728	1.28e-142	505	437900
f0c550d1e83de1dceefcf6f1cf585788	gi|2363084498|ref|NR_180497.1|	87.674	430	51	2	1	429	348	776	5.93e-141	499	2666183
f0c550d1e83de1dceefcf6f1cf585788	gi|2363083299|ref|NR_179898.1|	87.674	430	51	2	1	429	335	763	5.93e-141	499	2364649
f0c550d1e83de1dceefcf6f1cf585788	gi|2363080791|ref|NR_178637.1|	87.674	430	51	2	1	429	302	730	5.93e-141	499	1443480
f0c550d1e83de1dceefcf6f1cf585788	gi|1137647780|ref|NR_145562.1|	87.674	430	51	2	1	429	337	765	5.93e-141	499	1577705
f0c550d1e83de1dceefcf6f1cf585788	gi|645319830|ref|NR_117186.1|	87.703	431	50	3	1	429	330	759	5.93e-141	499	437900
f0c550d1e83de1dceefcf6f1cf585788	gi|631252455|ref|NR_113653.1|	87.674	430	51	2	1	429	325	753	5.93e-141	499	301
f0c550d1e83de1dceefcf6f1cf585788	gi|1864207200|ref|NR_169495.1|	87.674	430	51	2	1	429	325	753	5.93e-141	499	2482751
dd54919916de0397bb1ccba671e0ff3a	gi|559795334|ref|NR_104927.1|	96.253	427	16	0	3	429	357	783	0.0	701	1613
dd54919916de0397bb1ccba671e0ff3a	gi|631252137|ref|NR_113335.1|	96.253	427	16	0	3	429	366	792	0.0	701	1613
dd54919916de0397bb1ccba671e0ff3a	gi|645322169|ref|NR_118978.1|	93.925	428	24	2	3	429	265	691	0.0	660	1613
dd54919916de0397bb1ccba671e0ff3a	gi|961555098|ref|NR_134066.1|	93.911	427	26	0	3	429	386	812	0.0	645	1450649
dd54919916de0397bb1ccba671e0ff3a	gi|3248465736|ref|NR_201750.1|	92.774	429	27	3	3	429	392	818	1.57e-176	617	3480032
dd54919916de0397bb1ccba671e0ff3a	gi|3248465735|ref|NR_201749.1|	92.774	429	27	3	3	429	337	763	1.57e-176	617	3480033
dd54919916de0397bb1ccba671e0ff3a	gi|2363087265|ref|NR_181888.1|	92.774	429	27	3	3	429	365	791	1.57e-176	617	2888272
dd54919916de0397bb1ccba671e0ff3a	gi|265678709|ref|NR_029014.1|	92.774	429	27	3	3	429	288	714	1.57e-176	617	231049
dd54919916de0397bb1ccba671e0ff3a	gi|631251561|ref|NR_112758.1|	92.541	429	28	3	3	429	367	793	7.31e-175	612	231049
dd54919916de0397bb1ccba671e0ff3a	gi|1445136068|ref|NR_158108.1|	92.037	427	34	0	3	429	372	798	4.40e-172	603	1746200
3a44fb710684f369663ebad09d806dc4	gi|1246951756|ref|NR_149302.1|	89.120	432	42	5	1	430	358	786	5.87e-151	532	1639108
3a44fb710684f369663ebad09d806dc4	gi|659365176|ref|NR_121793.1|	89.120	432	42	5	1	430	359	787	5.87e-151	532	1639108
3a44fb710684f369663ebad09d806dc4	gi|566085417|ref|NR_109459.1|	88.140	430	47	4	3	430	341	768	2.75e-144	510	1069813
3a44fb710684f369663ebad09d806dc4	gi|1269801279|ref|NR_112116.2|	87.879	429	50	2	3	430	366	793	4.60e-142	503	1423
3a44fb710684f369663ebad09d806dc4	gi|1520188694|ref|NR_159907.1|	87.907	430	48	4	3	430	311	738	4.60e-142	503	2078954
3a44fb710684f369663ebad09d806dc4	gi|2363082615|ref|NR_179554.1|	87.879	429	50	2	3	430	359	786	4.60e-142	503	1871011
3a44fb710684f369663ebad09d806dc4	gi|1240411943|ref|NR_149287.1|	87.879	429	50	2	3	430	357	784	4.60e-142	503	1652104
3a44fb710684f369663ebad09d806dc4	gi|2363087391|ref|NR_181952.1|	87.879	429	50	2	3	430	333	760	4.60e-142	503	2054641
3a44fb710684f369663ebad09d806dc4	gi|2363085967|ref|NR_181236.1|	87.879	429	50	2	3	430	364	791	4.60e-142	503	2715209
3a44fb710684f369663ebad09d806dc4	gi|2363085095|ref|NR_180796.1|	87.879	429	50	2	3	430	359	786	4.60e-142	503	2054641
fe0abad503998df495e59adc3cdd704c	gi|645320483|ref|NR_117678.1|	89.145	433	35	11	3	429	345	771	7.57e-150	529	287
fe0abad503998df495e59adc3cdd704c	gi|631252401|ref|NR_113599.1|	89.145	433	35	11	3	429	327	753	7.57e-150	529	287
fe0abad503998df495e59adc3cdd704c	gi|636558415|ref|NR_114471.1|	89.145	433	35	11	3	429	346	772	7.57e-150	529	287
fe0abad503998df495e59adc3cdd704c	gi|343202811|ref|NR_043289.1|	88.915	433	36	11	3	429	350	776	3.52e-148	523	319939
fe0abad503998df495e59adc3cdd704c	gi|631250866|ref|NR_112062.1|	88.915	433	36	11	3	429	340	766	3.52e-148	523	53412
fe0abad503998df495e59adc3cdd704c	gi|2363082270|ref|NR_179382.1|	88.684	433	37	11	3	429	350	776	1.64e-146	518	2725477
fe0abad503998df495e59adc3cdd704c	gi|645321509|ref|NR_118458.1|	88.710	434	35	13	3	429	319	745	1.64e-146	518	1245526
fe0abad503998df495e59adc3cdd704c	gi|636558900|ref|NR_114957.1|	88.684	433	37	11	3	429	290	716	1.64e-146	518	310348
fe0abad503998df495e59adc3cdd704c	gi|3248465840|ref|NR_201855.1|	88.453	433	38	11	3	429	289	715	7.62e-145	512	3401632
fe0abad503998df495e59adc3cdd704c	gi|2363083046|ref|NR_179771.1|	88.453	433	38	10	3	429	347	773	7.62e-145	512	2604832
fc01acc4605e8c14383702437d75dfff	gi|645320483|ref|NR_117678.1|	94.419	430	22	2	1	429	343	771	0.0	660	287
fc01acc4605e8c14383702437d75dfff	gi|631252448|ref|NR_113646.1|	94.419	430	22	2	1	429	325	753	0.0	660	43263
fc01acc4605e8c14383702437d75dfff	gi|631252401|ref|NR_113599.1|	94.419	430	22	2	1	429	325	753	0.0	660	287
fc01acc4605e8c14383702437d75dfff	gi|645320678|ref|NR_117827.1|	94.419	430	22	2	1	429	297	725	0.0	660	43263
fc01acc4605e8c14383702437d75dfff	gi|636558415|ref|NR_114471.1|	94.419	430	22	2	1	429	344	772	0.0	660	287
fc01acc4605e8c14383702437d75dfff	gi|636558416|ref|NR_114472.1|	94.186	430	23	2	1	429	334	762	0.0	656	43263
fc01acc4605e8c14383702437d75dfff	gi|3248465840|ref|NR_201855.1|	94.186	430	23	2	1	429	287	715	0.0	654	3401632
fc01acc4605e8c14383702437d75dfff	gi|3248465782|ref|NR_201796.1|	94.200	431	22	3	1	429	319	748	0.0	654	3351531
fc01acc4605e8c14383702437d75dfff	gi|636558900|ref|NR_114957.1|	93.953	430	24	2	1	429	288	716	0.0	649	310348
fc01acc4605e8c14383702437d75dfff	gi|2363082270|ref|NR_179382.1|	93.721	430	25	2	1	429	348	776	0.0	643	2725477
