66be8d57570b913b0a20d8303cb31674	gi|343200664|ref|NR_041351.1|	99.784	464	1	0	2	465	338	801	0.0	852	357276
66be8d57570b913b0a20d8303cb31674	gi|444304091|ref|NR_074515.1|	98.922	464	5	0	2	465	347	810	0.0	830	435590
66be8d57570b913b0a20d8303cb31674	gi|631251748|ref|NR_112946.1|	98.922	464	5	0	2	465	336	799	0.0	830	821
66be8d57570b913b0a20d8303cb31674	gi|631250946|ref|NR_112143.1|	98.707	464	6	0	2	465	304	767	0.0	824	821
66be8d57570b913b0a20d8303cb31674	gi|631251997|ref|NR_113195.1|	93.966	464	28	0	2	465	335	798	0.0	702	1236515
66be8d57570b913b0a20d8303cb31674	gi|631251866|ref|NR_113064.1|	93.750	464	29	0	2	465	335	798	0.0	697	1236538
66be8d57570b913b0a20d8303cb31674	gi|631251817|ref|NR_113015.1|	93.750	464	29	0	2	465	335	798	0.0	697	1236538
66be8d57570b913b0a20d8303cb31674	gi|645320081|ref|NR_117373.1|	93.750	464	29	0	2	465	286	749	0.0	697	1236515
66be8d57570b913b0a20d8303cb31674	gi|2363085522|ref|NR_181010.1|	93.548	465	28	2	2	465	294	757	0.0	691	2786956
66be8d57570b913b0a20d8303cb31674	gi|2363082773|ref|NR_179635.1|	93.534	464	30	0	2	465	335	798	0.0	691	2024197
be40f3c72b933df236d555c61deb9ee2	gi|631251740|ref|NR_112938.1|	99.784	464	1	0	2	465	323	786	0.0	852	204516
be40f3c72b933df236d555c61deb9ee2	gi|343198509|ref|NR_042745.1|	99.784	464	1	0	2	465	335	798	0.0	852	204516
be40f3c72b933df236d555c61deb9ee2	gi|343200626|ref|NR_041313.1|	95.474	464	21	0	2	465	337	800	0.0	741	338188
be40f3c72b933df236d555c61deb9ee2	gi|2363084421|ref|NR_180458.1|	94.828	464	24	0	2	465	337	800	0.0	725	2650157
be40f3c72b933df236d555c61deb9ee2	gi|636560121|ref|NR_116181.1|	94.828	464	23	1	2	465	330	792	0.0	723	28116
be40f3c72b933df236d555c61deb9ee2	gi|631251749|ref|NR_112947.1|	94.624	465	23	2	2	465	323	786	0.0	721	657309
be40f3c72b933df236d555c61deb9ee2	gi|1491509587|ref|NR_159118.1|	94.612	464	25	0	2	465	307	770	0.0	719	28116
be40f3c72b933df236d555c61deb9ee2	gi|1491509586|ref|NR_159117.1|	94.612	464	25	0	2	465	298	761	0.0	719	28116
be40f3c72b933df236d555c61deb9ee2	gi|2363085522|ref|NR_181010.1|	94.624	465	23	2	2	465	294	757	0.0	719	2786956
be40f3c72b933df236d555c61deb9ee2	gi|2363084431|ref|NR_180463.1|	94.624	465	23	2	2	465	337	800	0.0	719	2650158
06b1752a0845e10ae0963f9904984d98	gi|631251740|ref|NR_112938.1|	99.353	464	3	0	2	465	323	786	0.0	841	204516
06b1752a0845e10ae0963f9904984d98	gi|343198509|ref|NR_042745.1|	99.353	464	3	0	2	465	335	798	0.0	841	204516
06b1752a0845e10ae0963f9904984d98	gi|343200626|ref|NR_041313.1|	95.043	464	23	0	2	465	337	800	0.0	730	338188
06b1752a0845e10ae0963f9904984d98	gi|636560121|ref|NR_116181.1|	94.612	464	24	1	2	465	330	792	0.0	717	28116
06b1752a0845e10ae0963f9904984d98	gi|631251749|ref|NR_112947.1|	94.397	464	26	0	2	465	323	786	0.0	715	657309
06b1752a0845e10ae0963f9904984d98	gi|1491509587|ref|NR_159118.1|	94.397	464	26	0	2	465	307	770	0.0	713	28116
06b1752a0845e10ae0963f9904984d98	gi|1491509586|ref|NR_159117.1|	94.397	464	26	0	2	465	298	761	0.0	713	28116
06b1752a0845e10ae0963f9904984d98	gi|2363084431|ref|NR_180463.1|	94.397	464	26	0	2	465	337	800	0.0	713	2650158
06b1752a0845e10ae0963f9904984d98	gi|2363084421|ref|NR_180458.1|	94.397	464	26	0	2	465	337	800	0.0	713	2650157
06b1752a0845e10ae0963f9904984d98	gi|631251742|ref|NR_112940.1|	94.397	464	26	0	2	465	324	787	0.0	713	28116
cb70a3e0e292a1d10f64695af11f8f08	gi|343200664|ref|NR_041351.1|	99.569	464	2	0	2	465	338	801	0.0	846	357276
cb70a3e0e292a1d10f64695af11f8f08	gi|444304091|ref|NR_074515.1|	98.707	464	6	0	2	465	347	810	0.0	824	435590
cb70a3e0e292a1d10f64695af11f8f08	gi|631251748|ref|NR_112946.1|	98.707	464	6	0	2	465	336	799	0.0	824	821
cb70a3e0e292a1d10f64695af11f8f08	gi|631250946|ref|NR_112143.1|	98.491	464	7	0	2	465	304	767	0.0	819	821
cb70a3e0e292a1d10f64695af11f8f08	gi|631251997|ref|NR_113195.1|	93.750	464	29	0	2	465	335	798	0.0	697	1236515
cb70a3e0e292a1d10f64695af11f8f08	gi|631251866|ref|NR_113064.1|	93.534	464	30	0	2	465	335	798	0.0	691	1236538
cb70a3e0e292a1d10f64695af11f8f08	gi|631251817|ref|NR_113015.1|	93.534	464	30	0	2	465	335	798	0.0	691	1236538
cb70a3e0e292a1d10f64695af11f8f08	gi|645320081|ref|NR_117373.1|	93.534	464	30	0	2	465	286	749	0.0	691	1236515
cb70a3e0e292a1d10f64695af11f8f08	gi|2363085522|ref|NR_181010.1|	93.333	465	29	2	2	465	294	757	0.0	686	2786956
cb70a3e0e292a1d10f64695af11f8f08	gi|2363082773|ref|NR_179635.1|	93.319	464	31	0	2	465	335	798	0.0	686	2024197
9ce553e1b1afbc6b9c41e53fcc9e2a38	gi|343200664|ref|NR_041351.1|	99.784	464	1	0	2	465	338	801	0.0	852	357276
9ce553e1b1afbc6b9c41e53fcc9e2a38	gi|444304091|ref|NR_074515.1|	98.922	464	5	0	2	465	347	810	0.0	830	435590
9ce553e1b1afbc6b9c41e53fcc9e2a38	gi|631251748|ref|NR_112946.1|	98.922	464	5	0	2	465	336	799	0.0	830	821
9ce553e1b1afbc6b9c41e53fcc9e2a38	gi|631250946|ref|NR_112143.1|	98.707	464	6	0	2	465	304	767	0.0	824	821
9ce553e1b1afbc6b9c41e53fcc9e2a38	gi|631251997|ref|NR_113195.1|	93.966	464	28	0	2	465	335	798	0.0	702	1236515
9ce553e1b1afbc6b9c41e53fcc9e2a38	gi|631251866|ref|NR_113064.1|	93.750	464	29	0	2	465	335	798	0.0	697	1236538
9ce553e1b1afbc6b9c41e53fcc9e2a38	gi|631251817|ref|NR_113015.1|	93.750	464	29	0	2	465	335	798	0.0	697	1236538
9ce553e1b1afbc6b9c41e53fcc9e2a38	gi|645320081|ref|NR_117373.1|	93.750	464	29	0	2	465	286	749	0.0	697	1236515
9ce553e1b1afbc6b9c41e53fcc9e2a38	gi|2363085522|ref|NR_181010.1|	93.548	465	28	2	2	465	294	757	0.0	691	2786956
9ce553e1b1afbc6b9c41e53fcc9e2a38	gi|2363082773|ref|NR_179635.1|	93.534	464	30	0	2	465	335	798	0.0	691	2024197
0fd7e209205f3f22fcf7599f6009c12d	gi|343200664|ref|NR_041351.1|	99.569	464	2	0	2	465	338	801	0.0	846	357276
0fd7e209205f3f22fcf7599f6009c12d	gi|444304091|ref|NR_074515.1|	98.707	464	6	0	2	465	347	810	0.0	824	435590
0fd7e209205f3f22fcf7599f6009c12d	gi|631251748|ref|NR_112946.1|	98.707	464	6	0	2	465	336	799	0.0	824	821
0fd7e209205f3f22fcf7599f6009c12d	gi|631250946|ref|NR_112143.1|	98.491	464	7	0	2	465	304	767	0.0	819	821
0fd7e209205f3f22fcf7599f6009c12d	gi|631251997|ref|NR_113195.1|	93.750	464	29	0	2	465	335	798	0.0	697	1236515
0fd7e209205f3f22fcf7599f6009c12d	gi|631251866|ref|NR_113064.1|	93.534	464	30	0	2	465	335	798	0.0	691	1236538
0fd7e209205f3f22fcf7599f6009c12d	gi|631251817|ref|NR_113015.1|	93.534	464	30	0	2	465	335	798	0.0	691	1236538
0fd7e209205f3f22fcf7599f6009c12d	gi|645320081|ref|NR_117373.1|	93.534	464	30	0	2	465	286	749	0.0	691	1236515
0fd7e209205f3f22fcf7599f6009c12d	gi|2363085522|ref|NR_181010.1|	93.333	465	29	2	2	465	294	757	0.0	686	2786956
0fd7e209205f3f22fcf7599f6009c12d	gi|2363082773|ref|NR_179635.1|	93.319	464	31	0	2	465	335	798	0.0	686	2024197
23c3f02fb922f038264d8eaa032d3db0	gi|343200664|ref|NR_041351.1|	99.353	464	3	0	2	465	338	801	0.0	841	357276
23c3f02fb922f038264d8eaa032d3db0	gi|444304091|ref|NR_074515.1|	98.491	464	7	0	2	465	347	810	0.0	819	435590
23c3f02fb922f038264d8eaa032d3db0	gi|631251748|ref|NR_112946.1|	98.491	464	7	0	2	465	336	799	0.0	819	821
23c3f02fb922f038264d8eaa032d3db0	gi|631250946|ref|NR_112143.1|	98.276	464	8	0	2	465	304	767	0.0	813	821
23c3f02fb922f038264d8eaa032d3db0	gi|631251997|ref|NR_113195.1|	93.534	464	30	0	2	465	335	798	0.0	691	1236515
23c3f02fb922f038264d8eaa032d3db0	gi|631251866|ref|NR_113064.1|	93.319	464	31	0	2	465	335	798	0.0	686	1236538
23c3f02fb922f038264d8eaa032d3db0	gi|631251817|ref|NR_113015.1|	93.319	464	31	0	2	465	335	798	0.0	686	1236538
23c3f02fb922f038264d8eaa032d3db0	gi|645320081|ref|NR_117373.1|	93.319	464	31	0	2	465	286	749	0.0	686	1236515
23c3f02fb922f038264d8eaa032d3db0	gi|2363085522|ref|NR_181010.1|	93.118	465	30	2	2	465	294	757	0.0	680	2786956
23c3f02fb922f038264d8eaa032d3db0	gi|2363082773|ref|NR_179635.1|	93.103	464	32	0	2	465	335	798	0.0	680	2024197
3efa706a9e85199be6f1aaa82be891b3	gi|631252186|ref|NR_113384.1|	99.554	448	2	0	1	448	317	764	0.0	817	856
3efa706a9e85199be6f1aaa82be891b3	gi|343206228|ref|NR_044820.1|	98.206	446	8	0	3	448	244	689	0.0	787	861
3efa706a9e85199be6f1aaa82be891b3	gi|645320556|ref|NR_117734.1|	97.991	448	9	0	1	448	305	752	0.0	778	850
3efa706a9e85199be6f1aaa82be891b3	gi|1269235450|ref|NR_146837.2|	97.321	448	12	0	1	448	322	769	0.0	761	1755100
3efa706a9e85199be6f1aaa82be891b3	gi|2363082567|ref|NR_179530.1|	96.875	448	14	0	1	448	315	762	0.0	750	1852365
3efa706a9e85199be6f1aaa82be891b3	gi|645322306|ref|NR_119089.1|	97.285	442	8	4	1	440	319	758	0.0	747	850
3efa706a9e85199be6f1aaa82be891b3	gi|631252181|ref|NR_113379.1|	96.429	448	16	0	1	448	317	764	0.0	739	134605
3efa706a9e85199be6f1aaa82be891b3	gi|265678628|ref|NR_028933.1|	96.429	448	16	0	1	448	317	764	0.0	739	134605
3efa706a9e85199be6f1aaa82be891b3	gi|228720055|ref|NR_027588.1|	96.413	446	16	0	3	448	244	689	0.0	739	469615
3efa706a9e85199be6f1aaa82be891b3	gi|2260473024|ref|NR_176801.1|	96.205	448	13	4	3	448	244	689	0.0	736	854
1edffd15dcf067f79649d231b73e4f01	gi|631251747|ref|NR_112945.1|	99.569	464	2	0	2	465	324	787	0.0	846	820
1edffd15dcf067f79649d231b73e4f01	gi|343200179|ref|NR_040866.1|	99.569	464	2	0	2	465	331	794	0.0	846	820
1edffd15dcf067f79649d231b73e4f01	gi|2363086550|ref|NR_181532.1|	99.138	464	4	0	2	465	319	782	0.0	835	2763025
1edffd15dcf067f79649d231b73e4f01	gi|631251874|ref|NR_113072.1|	97.629	464	11	0	2	465	335	798	0.0	797	1236512
1edffd15dcf067f79649d231b73e4f01	gi|2363082773|ref|NR_179635.1|	97.414	464	12	0	2	465	335	798	0.0	791	2024197
1edffd15dcf067f79649d231b73e4f01	gi|631251816|ref|NR_113014.1|	97.414	464	12	0	2	465	335	798	0.0	791	1236512
1edffd15dcf067f79649d231b73e4f01	gi|631251735|ref|NR_112933.1|	96.767	464	15	0	2	465	331	794	0.0	774	246787
1edffd15dcf067f79649d231b73e4f01	gi|343200620|ref|NR_041307.1|	96.552	464	16	0	2	465	331	794	0.0	769	329854
1edffd15dcf067f79649d231b73e4f01	gi|2363084421|ref|NR_180458.1|	96.336	464	17	0	2	465	337	800	0.0	763	2650157
1edffd15dcf067f79649d231b73e4f01	gi|2363082635|ref|NR_179564.1|	96.336	464	17	0	2	465	335	798	0.0	763	1903262
02602a9cadce8ff8f7a11c7003938656	gi|2363082679|ref|NR_179587.1|	96.396	444	16	0	2	445	325	768	0.0	732	1926283
02602a9cadce8ff8f7a11c7003938656	gi|1193829153|ref|NR_147396.1|	96.396	444	16	0	2	445	325	768	0.0	732	1917870
02602a9cadce8ff8f7a11c7003938656	gi|2363081854|ref|NR_179173.1|	96.396	444	16	0	2	445	330	773	0.0	732	2126740
02602a9cadce8ff8f7a11c7003938656	gi|2836274880|ref|NR_197643.1|	95.946	444	18	0	2	445	326	769	0.0	721	2962432
02602a9cadce8ff8f7a11c7003938656	gi|1384992332|ref|NR_156081.1|	95.946	444	18	0	2	445	333	776	0.0	721	1469948
02602a9cadce8ff8f7a11c7003938656	gi|1384992329|ref|NR_156078.1|	95.946	444	18	0	2	445	333	776	0.0	721	1469948
02602a9cadce8ff8f7a11c7003938656	gi|2363080261|ref|NR_178356.1|	95.946	444	18	0	2	445	310	753	0.0	721	558153
02602a9cadce8ff8f7a11c7003938656	gi|310975204|ref|NR_037068.1|	95.946	444	18	0	2	445	338	781	0.0	721	29375
02602a9cadce8ff8f7a11c7003938656	gi|219846508|ref|NR_026100.1|	95.946	444	18	0	2	445	320	763	0.0	721	1286362
02602a9cadce8ff8f7a11c7003938656	gi|343201474|ref|NR_042200.1|	95.946	444	18	0	2	445	315	758	0.0	721	333367
4028507cdd298687d5754112661547cc	gi|343200664|ref|NR_041351.1|	99.569	464	2	0	2	465	338	801	0.0	846	357276
4028507cdd298687d5754112661547cc	gi|444304091|ref|NR_074515.1|	98.707	464	6	0	2	465	347	810	0.0	824	435590
4028507cdd298687d5754112661547cc	gi|631251748|ref|NR_112946.1|	98.707	464	6	0	2	465	336	799	0.0	824	821
4028507cdd298687d5754112661547cc	gi|631250946|ref|NR_112143.1|	98.491	464	7	0	2	465	304	767	0.0	819	821
4028507cdd298687d5754112661547cc	gi|631251997|ref|NR_113195.1|	93.750	464	29	0	2	465	335	798	0.0	697	1236515
4028507cdd298687d5754112661547cc	gi|631251866|ref|NR_113064.1|	93.534	464	30	0	2	465	335	798	0.0	691	1236538
4028507cdd298687d5754112661547cc	gi|631251817|ref|NR_113015.1|	93.534	464	30	0	2	465	335	798	0.0	691	1236538
4028507cdd298687d5754112661547cc	gi|645320081|ref|NR_117373.1|	93.534	464	30	0	2	465	286	749	0.0	691	1236515
4028507cdd298687d5754112661547cc	gi|2363085522|ref|NR_181010.1|	93.333	465	29	2	2	465	294	757	0.0	686	2786956
4028507cdd298687d5754112661547cc	gi|2363082773|ref|NR_179635.1|	93.319	464	31	0	2	465	335	798	0.0	686	2024197
61002c10cc431aef9b3f99bc466555fd	gi|631251742|ref|NR_112940.1|	99.355	465	1	2	2	465	324	787	0.0	841	28116
61002c10cc431aef9b3f99bc466555fd	gi|636559244|ref|NR_115301.1|	99.355	465	1	2	2	465	317	780	0.0	841	28116
61002c10cc431aef9b3f99bc466555fd	gi|1491509587|ref|NR_159118.1|	99.140	465	2	2	2	465	307	770	0.0	835	28116
61002c10cc431aef9b3f99bc466555fd	gi|1491509586|ref|NR_159117.1|	99.140	465	2	2	2	465	298	761	0.0	835	28116
61002c10cc431aef9b3f99bc466555fd	gi|636560121|ref|NR_116181.1|	99.140	465	1	3	2	465	330	792	0.0	833	28116
61002c10cc431aef9b3f99bc466555fd	gi|343200178|ref|NR_040865.1|	98.927	466	1	4	2	465	330	793	0.0	830	28116
61002c10cc431aef9b3f99bc466555fd	gi|645322410|ref|NR_119165.1|	98.280	465	6	2	2	465	316	779	0.0	821	28116
61002c10cc431aef9b3f99bc466555fd	gi|444303855|ref|NR_074277.1|	97.414	464	12	0	2	465	349	812	0.0	791	818
61002c10cc431aef9b3f99bc466555fd	gi|631251746|ref|NR_112944.1|	97.414	464	12	0	2	465	321	784	0.0	791	818
61002c10cc431aef9b3f99bc466555fd	gi|631251749|ref|NR_112947.1|	97.204	465	11	2	2	465	323	786	0.0	787	657309
b3ed78d394a65d2606ed9b22b24c4435	gi|444303855|ref|NR_074277.1|	99.784	464	1	0	2	465	349	812	0.0	852	818
b3ed78d394a65d2606ed9b22b24c4435	gi|631251746|ref|NR_112944.1|	99.784	464	1	0	2	465	321	784	0.0	852	818
b3ed78d394a65d2606ed9b22b24c4435	gi|631252008|ref|NR_113206.1|	98.925	465	3	2	2	465	333	796	0.0	830	1236513
b3ed78d394a65d2606ed9b22b24c4435	gi|631250945|ref|NR_112142.1|	98.707	464	5	1	2	465	331	793	0.0	822	818
b3ed78d394a65d2606ed9b22b24c4435	gi|631251869|ref|NR_113067.1|	98.280	465	6	2	2	465	322	785	0.0	813	1077285
b3ed78d394a65d2606ed9b22b24c4435	gi|645320100|ref|NR_117387.1|	98.280	465	6	2	2	465	317	780	0.0	813	1077285
b3ed78d394a65d2606ed9b22b24c4435	gi|2363084421|ref|NR_180458.1|	97.849	465	8	2	2	465	337	800	0.0	802	2650157
b3ed78d394a65d2606ed9b22b24c4435	gi|631251749|ref|NR_112947.1|	97.419	465	10	2	2	465	323	786	0.0	793	657309
b3ed78d394a65d2606ed9b22b24c4435	gi|2363084431|ref|NR_180463.1|	97.419	465	10	2	2	465	337	800	0.0	791	2650158
b3ed78d394a65d2606ed9b22b24c4435	gi|631251744|ref|NR_112942.1|	97.419	465	10	2	2	465	320	783	0.0	791	291644
a44992343fe9e76b642a1142c5646c37	gi|636560687|ref|NR_116747.1|	99.775	444	1	0	2	445	298	741	0.0	815	1298596
a44992343fe9e76b642a1142c5646c37	gi|2363085133|ref|NR_180815.1|	97.523	444	11	0	2	445	347	790	0.0	760	2606633
a44992343fe9e76b642a1142c5646c37	gi|2363083556|ref|NR_180026.1|	97.523	444	11	0	2	445	345	788	0.0	760	2696678
a44992343fe9e76b642a1142c5646c37	gi|1909404440|ref|NR_170495.1|	97.297	444	12	0	2	445	352	795	0.0	754	2509240
a44992343fe9e76b642a1142c5646c37	gi|2363082374|ref|NR_179434.1|	97.297	444	12	0	2	445	346	789	0.0	754	1720300
a44992343fe9e76b642a1142c5646c37	gi|310974914|ref|NR_036777.1|	97.072	444	13	0	2	445	330	773	0.0	752	33039
a44992343fe9e76b642a1142c5646c37	gi|631251356|ref|NR_112553.1|	97.079	445	12	1	2	445	345	789	0.0	749	342942
a44992343fe9e76b642a1142c5646c37	gi|228719063|ref|NR_027579.1|	96.622	444	15	0	2	445	313	756	0.0	743	471875
a44992343fe9e76b642a1142c5646c37	gi|2363084846|ref|NR_180671.1|	96.622	444	15	0	2	445	60	503	0.0	737	2594882
a44992343fe9e76b642a1142c5646c37	gi|2962412221|ref|NR_199415.1|	96.622	444	15	0	2	445	335	778	0.0	737	3136600
c31f80f55dafa0eeb898d1845230f58c	gi|2363082679|ref|NR_179587.1|	96.847	444	14	0	2	445	325	768	0.0	743	1926283
c31f80f55dafa0eeb898d1845230f58c	gi|2363081854|ref|NR_179173.1|	96.847	444	14	0	2	445	330	773	0.0	743	2126740
c31f80f55dafa0eeb898d1845230f58c	gi|2836274880|ref|NR_197643.1|	96.396	444	16	0	2	445	326	769	0.0	732	2962432
c31f80f55dafa0eeb898d1845230f58c	gi|1384992332|ref|NR_156081.1|	96.396	444	16	0	2	445	333	776	0.0	732	1469948
c31f80f55dafa0eeb898d1845230f58c	gi|1384992329|ref|NR_156078.1|	96.396	444	16	0	2	445	333	776	0.0	732	1469948
c31f80f55dafa0eeb898d1845230f58c	gi|2363082819|ref|NR_179658.1|	96.396	444	16	0	2	445	350	793	0.0	732	2086584
c31f80f55dafa0eeb898d1845230f58c	gi|2363080261|ref|NR_178356.1|	96.396	444	16	0	2	445	310	753	0.0	732	558153
c31f80f55dafa0eeb898d1845230f58c	gi|310975204|ref|NR_037068.1|	96.396	444	16	0	2	445	338	781	0.0	732	29375
c31f80f55dafa0eeb898d1845230f58c	gi|219846508|ref|NR_026100.1|	96.396	444	16	0	2	445	320	763	0.0	732	1286362
c31f80f55dafa0eeb898d1845230f58c	gi|219846817|ref|NR_026409.1|	96.396	444	16	0	2	445	338	781	0.0	732	29370
c94e9e81fbabcdb4fca5fc333c93d65e	gi|343201281|ref|NR_042007.1|	99.776	446	1	0	2	447	340	785	0.0	819	622312
c94e9e81fbabcdb4fca5fc333c93d65e	gi|645320588|ref|NR_117758.1|	97.991	448	5	4	2	447	319	764	0.0	774	166486
c94e9e81fbabcdb4fca5fc333c93d65e	gi|228716944|ref|NR_027557.1|	97.991	448	5	4	2	447	340	785	0.0	774	536231
c94e9e81fbabcdb4fca5fc333c93d65e	gi|343198540|ref|NR_042832.1|	97.991	448	4	5	2	447	327	771	0.0	773	301302
c94e9e81fbabcdb4fca5fc333c93d65e	gi|444439494|ref|NR_074809.1|	97.545	448	6	5	2	447	347	791	0.0	761	585394
c94e9e81fbabcdb4fca5fc333c93d65e	gi|1227086116|ref|NR_148619.1|	97.327	449	6	6	2	447	298	743	0.0	758	1712665
c94e9e81fbabcdb4fca5fc333c93d65e	gi|343201282|ref|NR_042008.1|	97.321	448	6	6	2	447	338	781	0.0	756	585394
c94e9e81fbabcdb4fca5fc333c93d65e	gi|444304209|ref|NR_074634.1|	96.875	448	8	5	2	447	347	790	0.0	745	515619
c94e9e81fbabcdb4fca5fc333c93d65e	gi|2363086282|ref|NR_181393.1|	96.875	448	8	5	2	447	287	730	0.0	745	2763664
c94e9e81fbabcdb4fca5fc333c93d65e	gi|2363085153|ref|NR_180825.1|	96.205	448	12	5	2	447	344	788	0.0	728	2605790
6ad91bfe18edd18201e7e54fc5b25a74	gi|559795246|ref|NR_104836.1|	99.775	444	1	0	2	445	330	773	0.0	815	706562
6ad91bfe18edd18201e7e54fc5b25a74	gi|444304189|ref|NR_074613.1|	96.847	444	14	0	2	445	347	790	0.0	743	515620
6ad91bfe18edd18201e7e54fc5b25a74	gi|645321781|ref|NR_118667.1|	95.946	444	18	0	2	445	352	795	0.0	734	28052
6ad91bfe18edd18201e7e54fc5b25a74	gi|559795169|ref|NR_104758.1|	95.495	444	20	0	2	445	342	785	0.0	710	1282887
6ad91bfe18edd18201e7e54fc5b25a74	gi|1277396183|ref|NR_151894.1|	94.820	444	23	0	2	445	332	775	0.0	693	433293
6ad91bfe18edd18201e7e54fc5b25a74	gi|659364459|ref|NR_121686.1|	94.595	444	24	0	2	445	345	788	0.0	688	384638
6ad91bfe18edd18201e7e54fc5b25a74	gi|219846511|ref|NR_026103.1|	94.607	445	22	2	2	445	313	756	0.0	688	37658
6ad91bfe18edd18201e7e54fc5b25a74	gi|343202586|ref|NR_042953.1|	94.607	445	22	2	2	445	305	748	0.0	688	264463
6ad91bfe18edd18201e7e54fc5b25a74	gi|219857405|ref|NR_024993.1|	94.595	444	24	0	2	445	346	789	0.0	688	99656
6ad91bfe18edd18201e7e54fc5b25a74	gi|645321789|ref|NR_118673.1|	94.157	445	24	2	2	445	351	794	0.0	682	39488
a683f2ce7a88253b65eebd919435edcc	gi|631253128|ref|NR_114326.1|	99.775	444	1	0	2	445	331	774	0.0	815	1150298
a683f2ce7a88253b65eebd919435edcc	gi|2363087259|ref|NR_181885.1|	97.072	444	13	0	2	445	332	775	0.0	750	2885351
a683f2ce7a88253b65eebd919435edcc	gi|974142252|ref|NR_134772.1|	96.847	444	14	0	2	445	294	737	0.0	743	1337051
a683f2ce7a88253b65eebd919435edcc	gi|343205837|ref|NR_044289.1|	96.622	444	15	0	2	445	325	768	0.0	737	460384
a683f2ce7a88253b65eebd919435edcc	gi|3030611230|ref|NR_199906.1|	96.396	444	16	0	2	445	351	794	0.0	732	3123317
a683f2ce7a88253b65eebd919435edcc	gi|2363085103|ref|NR_180800.1|	96.396	444	16	0	2	445	344	787	0.0	732	2652274
a683f2ce7a88253b65eebd919435edcc	gi|3030611314|ref|NR_199990.1|	96.396	444	16	0	2	445	347	790	0.0	732	3123317
a683f2ce7a88253b65eebd919435edcc	gi|1384992331|ref|NR_156080.1|	96.396	444	16	0	2	445	333	776	0.0	732	1469948
a683f2ce7a88253b65eebd919435edcc	gi|1384992328|ref|NR_156077.1|	96.396	444	16	0	2	445	333	776	0.0	732	1469948
a683f2ce7a88253b65eebd919435edcc	gi|1116030273|ref|NR_144731.1|	96.396	444	16	0	2	445	344	787	0.0	732	1720294
769d7f0693b3c96db1bc2fe3974b4380	gi|343201234|ref|NR_041960.1|	99.551	445	1	1	2	445	219	663	0.0	809	89014
769d7f0693b3c96db1bc2fe3974b4380	gi|2363084170|ref|NR_180334.1|	97.748	444	10	0	2	445	250	693	0.0	765	2763028
769d7f0693b3c96db1bc2fe3974b4380	gi|1953646571|ref|NR_171444.1|	97.748	444	10	0	2	445	298	741	0.0	765	1912897
769d7f0693b3c96db1bc2fe3974b4380	gi|1953646488|ref|NR_171392.1|	97.748	444	10	0	2	445	352	795	0.0	765	1912897
769d7f0693b3c96db1bc2fe3974b4380	gi|1953646486|ref|NR_171390.1|	97.748	444	10	0	2	445	352	795	0.0	765	1912897
769d7f0693b3c96db1bc2fe3974b4380	gi|2363086300|ref|NR_181402.1|	97.748	444	10	0	2	445	297	740	0.0	765	2763028
769d7f0693b3c96db1bc2fe3974b4380	gi|645320731|ref|NR_117867.1|	97.748	444	10	0	2	445	297	740	0.0	765	871664
769d7f0693b3c96db1bc2fe3974b4380	gi|1679775916|ref|NR_163638.1|	97.523	444	11	0	2	445	325	768	0.0	760	2025493
769d7f0693b3c96db1bc2fe3974b4380	gi|1679775915|ref|NR_163637.1|	97.523	444	11	0	2	445	325	768	0.0	760	2025493
769d7f0693b3c96db1bc2fe3974b4380	gi|1679775914|ref|NR_163636.1|	97.523	444	11	0	2	445	325	768	0.0	760	2025493
4e8ab33b36ebb070fc3e35d8f9dd1681	gi|343205678|ref|NR_044054.1|	99.775	444	1	0	2	445	294	737	0.0	815	1121115
4e8ab33b36ebb070fc3e35d8f9dd1681	gi|631253117|ref|NR_114315.1|	99.550	444	2	0	2	445	333	776	0.0	811	649762
4e8ab33b36ebb070fc3e35d8f9dd1681	gi|2363082685|ref|NR_179590.1|	99.326	445	2	1	2	445	324	768	0.0	806	1936059
4e8ab33b36ebb070fc3e35d8f9dd1681	gi|219846722|ref|NR_026314.1|	97.748	444	10	0	2	445	327	770	0.0	765	53443
4e8ab33b36ebb070fc3e35d8f9dd1681	gi|219846720|ref|NR_026312.1|	97.297	444	12	0	2	445	324	767	0.0	756	180164
4e8ab33b36ebb070fc3e35d8f9dd1681	gi|2363084170|ref|NR_180334.1|	97.297	444	12	0	2	445	250	693	0.0	754	2763028
4e8ab33b36ebb070fc3e35d8f9dd1681	gi|2363086300|ref|NR_181402.1|	97.297	444	12	0	2	445	297	740	0.0	754	2763028
4e8ab33b36ebb070fc3e35d8f9dd1681	gi|631252033|ref|NR_113231.1|	97.303	445	10	2	2	445	344	787	0.0	754	536633
4e8ab33b36ebb070fc3e35d8f9dd1681	gi|631251591|ref|NR_112789.1|	97.303	445	10	2	2	445	330	773	0.0	754	536633
4e8ab33b36ebb070fc3e35d8f9dd1681	gi|2363082673|ref|NR_179584.1|	97.079	445	11	2	2	445	324	767	0.0	749	1917888
6191bc47101b43fc4e1e24062ea54124	gi|1109168015|ref|NR_144606.1|	96.336	464	17	0	2	465	337	800	0.0	763	1796613
6191bc47101b43fc4e1e24062ea54124	gi|2363082611|ref|NR_179552.1|	96.344	465	16	1	2	465	337	801	0.0	763	1871006
6191bc47101b43fc4e1e24062ea54124	gi|2363082547|ref|NR_179520.1|	95.905	464	19	0	2	465	311	774	0.0	752	1841855
6191bc47101b43fc4e1e24062ea54124	gi|343200664|ref|NR_041351.1|	95.905	464	19	0	2	465	338	801	0.0	752	357276
6191bc47101b43fc4e1e24062ea54124	gi|444304091|ref|NR_074515.1|	95.043	464	23	0	2	465	347	810	0.0	730	435590
6191bc47101b43fc4e1e24062ea54124	gi|631251748|ref|NR_112946.1|	95.043	464	23	0	2	465	336	799	0.0	730	821
6191bc47101b43fc4e1e24062ea54124	gi|631250946|ref|NR_112143.1|	94.828	464	24	0	2	465	304	767	0.0	725	821
6191bc47101b43fc4e1e24062ea54124	gi|1269806089|ref|NR_074784.2|	94.612	464	25	0	2	465	342	805	0.0	719	272559
6191bc47101b43fc4e1e24062ea54124	gi|631251738|ref|NR_112936.1|	94.612	464	25	0	2	465	335	798	0.0	719	817
6191bc47101b43fc4e1e24062ea54124	gi|645322408|ref|NR_119164.1|	94.612	464	25	0	2	465	314	777	0.0	719	817
fe5e04e708bf9d39df1f54941956fa55	gi|2363081451|ref|NR_178972.1|	99.775	444	1	0	2	445	282	725	0.0	815	1851428
fe5e04e708bf9d39df1f54941956fa55	gi|265678656|ref|NR_028961.1|	99.099	444	4	0	2	445	324	767	0.0	798	853
fe5e04e708bf9d39df1f54941956fa55	gi|2363082282|ref|NR_179388.1|	98.874	444	5	0	2	445	332	775	0.0	793	2935520
fe5e04e708bf9d39df1f54941956fa55	gi|2363080123|ref|NR_178280.1|	98.874	444	5	0	2	445	328	771	0.0	793	411483
fe5e04e708bf9d39df1f54941956fa55	gi|3030611269|ref|NR_199945.1|	98.649	444	6	0	2	445	332	775	0.0	787	3435293
fe5e04e708bf9d39df1f54941956fa55	gi|2363081449|ref|NR_178971.1|	98.423	444	6	1	2	445	282	724	0.0	780	1851427
fe5e04e708bf9d39df1f54941956fa55	gi|2363080175|ref|NR_178311.1|	96.847	444	14	0	2	445	409	852	0.0	743	2903556
fe5e04e708bf9d39df1f54941956fa55	gi|1397641802|ref|NR_156911.1|	93.018	444	31	0	2	445	348	791	0.0	649	1650663
fe5e04e708bf9d39df1f54941956fa55	gi|2363084747|ref|NR_180622.1|	93.018	444	31	0	2	445	332	775	0.0	649	2779354
fe5e04e708bf9d39df1f54941956fa55	gi|2363082356|ref|NR_179425.1|	92.809	445	30	2	2	445	348	791	0.0	643	1689304
2f8098af37e052597bc8ec492a8d0729	gi|444439587|ref|NR_074902.1|	99.787	469	1	0	2	470	338	806	0.0	861	585054
2f8098af37e052597bc8ec492a8d0729	gi|631252881|ref|NR_114079.1|	99.787	469	1	0	2	470	311	779	0.0	861	564
2f8098af37e052597bc8ec492a8d0729	gi|559795236|ref|NR_104826.1|	99.787	469	1	0	2	470	318	786	0.0	861	624
2f8098af37e052597bc8ec492a8d0729	gi|631251361|ref|NR_112558.1|	99.787	469	1	0	2	470	171	639	0.0	861	562
2f8098af37e052597bc8ec492a8d0729	gi|228716249|ref|NR_027549.1|	99.787	469	1	0	2	470	304	772	0.0	861	585054
2f8098af37e052597bc8ec492a8d0729	gi|219846739|ref|NR_026331.1|	99.787	469	1	0	2	470	319	787	0.0	861	623
2f8098af37e052597bc8ec492a8d0729	gi|1018196593|ref|NR_136472.1|	99.574	470	2	0	2	471	331	800	0.0	857	1499973
2f8098af37e052597bc8ec492a8d0729	gi|631252844|ref|NR_114042.1|	99.574	469	2	0	2	470	311	779	0.0	857	562
2f8098af37e052597bc8ec492a8d0729	gi|219722938|ref|NR_024570.1|	99.574	469	2	0	2	470	329	797	0.0	857	562
2f8098af37e052597bc8ec492a8d0729	gi|559795308|ref|NR_104901.1|	99.574	469	2	0	2	470	311	779	0.0	856	621
5a5cf47dfc986cc5eaa00bfec94b7aa9	gi|2363082679|ref|NR_179587.1|	99.775	444	1	0	2	445	325	768	0.0	815	1926283
5a5cf47dfc986cc5eaa00bfec94b7aa9	gi|2363081854|ref|NR_179173.1|	99.775	444	1	0	2	445	330	773	0.0	815	2126740
5a5cf47dfc986cc5eaa00bfec94b7aa9	gi|1384992332|ref|NR_156081.1|	97.523	444	11	0	2	445	333	776	0.0	760	1469948
5a5cf47dfc986cc5eaa00bfec94b7aa9	gi|1384992329|ref|NR_156078.1|	97.523	444	11	0	2	445	333	776	0.0	760	1469948
5a5cf47dfc986cc5eaa00bfec94b7aa9	gi|3030611230|ref|NR_199906.1|	97.297	444	12	0	2	445	351	794	0.0	754	3123317
5a5cf47dfc986cc5eaa00bfec94b7aa9	gi|3030611314|ref|NR_199990.1|	97.297	444	12	0	2	445	347	790	0.0	754	3123317
5a5cf47dfc986cc5eaa00bfec94b7aa9	gi|1384992331|ref|NR_156080.1|	97.297	444	12	0	2	445	333	776	0.0	754	1469948
5a5cf47dfc986cc5eaa00bfec94b7aa9	gi|1384992328|ref|NR_156077.1|	97.297	444	12	0	2	445	333	776	0.0	754	1469948
5a5cf47dfc986cc5eaa00bfec94b7aa9	gi|2363085097|ref|NR_180797.1|	97.297	444	12	0	2	445	343	786	0.0	754	2605778
5a5cf47dfc986cc5eaa00bfec94b7aa9	gi|2363082819|ref|NR_179658.1|	97.297	444	12	0	2	445	350	793	0.0	754	2086584
176c498a987a41a31eafe6b0024d424b	gi|645321789|ref|NR_118673.1|	98.423	444	7	0	2	445	351	794	0.0	787	39488
176c498a987a41a31eafe6b0024d424b	gi|2363080125|ref|NR_178281.1|	98.649	444	6	0	2	445	337	780	0.0	787	105843
176c498a987a41a31eafe6b0024d424b	gi|219856842|ref|NR_024661.1|	94.820	444	23	0	2	445	358	801	0.0	693	42322
176c498a987a41a31eafe6b0024d424b	gi|343198925|ref|NR_044049.1|	94.144	444	26	0	2	445	313	756	0.0	676	33043
176c498a987a41a31eafe6b0024d424b	gi|645322302|ref|NR_119085.1|	94.157	445	22	3	2	445	344	785	0.0	675	29364
176c498a987a41a31eafe6b0024d424b	gi|2363086278|ref|NR_181391.1|	93.919	444	27	0	2	445	246	689	0.0	671	2763670
176c498a987a41a31eafe6b0024d424b	gi|559795246|ref|NR_104836.1|	93.933	445	25	2	2	445	330	773	0.0	671	706562
176c498a987a41a31eafe6b0024d424b	gi|1277396183|ref|NR_151894.1|	93.946	446	23	4	2	445	332	775	0.0	671	433293
176c498a987a41a31eafe6b0024d424b	gi|219846511|ref|NR_026103.1|	93.708	445	26	2	2	445	313	756	0.0	665	37658
176c498a987a41a31eafe6b0024d424b	gi|1277396381|ref|NR_152095.1|	93.483	445	27	2	2	445	345	788	0.0	660	1679721
aa48f07bc78cc768b63a8ae52e7371b2	gi|943392602|ref|NR_117139.2|	99.324	444	3	0	2	445	343	786	0.0	804	649756
aa48f07bc78cc768b63a8ae52e7371b2	gi|943392601|ref|NR_117138.2|	99.324	444	3	0	2	445	343	786	0.0	804	649756
aa48f07bc78cc768b63a8ae52e7371b2	gi|559795210|ref|NR_104799.1|	99.324	444	3	0	2	445	335	778	0.0	804	649756
aa48f07bc78cc768b63a8ae52e7371b2	gi|2363085925|ref|NR_181215.1|	98.874	444	5	0	2	445	328	771	0.0	793	2738446
aa48f07bc78cc768b63a8ae52e7371b2	gi|631252121|ref|NR_113319.1|	97.528	445	9	2	2	445	347	790	0.0	760	645466
aa48f07bc78cc768b63a8ae52e7371b2	gi|636560803|ref|NR_116863.1|	97.309	446	9	3	2	445	334	778	0.0	754	645466
aa48f07bc78cc768b63a8ae52e7371b2	gi|2363081778|ref|NR_179135.1|	95.955	445	17	1	2	445	327	771	0.0	721	2025494
aa48f07bc78cc768b63a8ae52e7371b2	gi|2363087251|ref|NR_181881.1|	95.955	445	17	1	2	445	304	748	0.0	721	2880702
aa48f07bc78cc768b63a8ae52e7371b2	gi|265678610|ref|NR_028915.1|	95.740	446	17	2	2	445	312	757	0.0	717	105841
aa48f07bc78cc768b63a8ae52e7371b2	gi|2363080591|ref|NR_178536.1|	95.495	444	19	1	2	444	283	726	0.0	708	1229621
1ed0085239068094440ba20e5910fc66	gi|219846519|ref|NR_026111.1|	99.574	469	2	0	2	470	336	804	0.0	856	33025
1ed0085239068094440ba20e5910fc66	gi|631251704|ref|NR_112902.1|	93.617	470	28	2	2	470	424	892	0.0	701	626940
1ed0085239068094440ba20e5910fc66	gi|2363082047|ref|NR_179270.1|	92.373	472	31	5	2	470	323	792	0.0	671	2654621
1ed0085239068094440ba20e5910fc66	gi|2363082805|ref|NR_179651.1|	91.755	473	31	8	2	470	347	815	0.0	651	2058289
1ed0085239068094440ba20e5910fc66	gi|2621112327|ref|NR_189230.1|	91.755	473	31	8	2	470	295	763	0.0	651	2897706
1ed0085239068094440ba20e5910fc66	gi|343198461|ref|NR_041894.1|	91.720	471	35	4	2	470	283	751	0.0	651	187327
1ed0085239068094440ba20e5910fc66	gi|2363082575|ref|NR_179534.1|	91.350	474	31	8	2	470	342	810	0.0	640	1852375
1ed0085239068094440ba20e5910fc66	gi|636558634|ref|NR_114691.1|	90.658	471	40	4	2	470	329	797	3.73e-178	623	78126
1ed0085239068094440ba20e5910fc66	gi|645320469|ref|NR_117668.1|	90.426	470	44	1	2	470	338	807	1.74e-176	617	1337886
1ed0085239068094440ba20e5910fc66	gi|645320468|ref|NR_117667.1|	90.426	470	44	1	2	470	336	805	1.74e-176	617	1337886
f3bad91d3437e73be223a697038b84a6	gi|631251740|ref|NR_112938.1|	96.336	464	17	0	2	465	323	786	0.0	763	204516
f3bad91d3437e73be223a697038b84a6	gi|343198509|ref|NR_042745.1|	96.336	464	17	0	2	465	335	798	0.0	763	204516
f3bad91d3437e73be223a697038b84a6	gi|631251747|ref|NR_112945.1|	95.474	464	21	0	2	465	324	787	0.0	741	820
f3bad91d3437e73be223a697038b84a6	gi|343200179|ref|NR_040866.1|	95.474	464	21	0	2	465	331	794	0.0	741	820
f3bad91d3437e73be223a697038b84a6	gi|2363086550|ref|NR_181532.1|	95.043	464	23	0	2	465	319	782	0.0	730	2763025
f3bad91d3437e73be223a697038b84a6	gi|2363084421|ref|NR_180458.1|	94.828	464	24	0	2	465	337	800	0.0	725	2650157
f3bad91d3437e73be223a697038b84a6	gi|631251870|ref|NR_113068.1|	94.872	468	16	6	2	465	333	796	0.0	725	763034
f3bad91d3437e73be223a697038b84a6	gi|631251696|ref|NR_112894.1|	94.872	468	16	6	2	465	313	776	0.0	725	763034
f3bad91d3437e73be223a697038b84a6	gi|645320100|ref|NR_117387.1|	94.612	464	25	0	2	465	317	780	0.0	719	1077285
f3bad91d3437e73be223a697038b84a6	gi|631251869|ref|NR_113067.1|	94.397	464	26	0	2	465	322	785	0.0	713	1077285
871edcc6ed801bcda2f2bb3c735ef05e	gi|645321790|ref|NR_118674.1|	97.065	443	13	0	3	445	354	796	0.0	763	1256908
871edcc6ed801bcda2f2bb3c735ef05e	gi|444439494|ref|NR_074809.1|	96.854	445	13	1	2	445	347	791	0.0	743	585394
871edcc6ed801bcda2f2bb3c735ef05e	gi|645320588|ref|NR_117758.1|	96.637	446	13	1	2	445	319	764	0.0	739	166486
871edcc6ed801bcda2f2bb3c735ef05e	gi|228716944|ref|NR_027557.1|	96.637	446	13	1	2	445	340	785	0.0	739	536231
871edcc6ed801bcda2f2bb3c735ef05e	gi|343198540|ref|NR_042832.1|	96.629	445	14	1	2	445	327	771	0.0	737	301302
871edcc6ed801bcda2f2bb3c735ef05e	gi|343201282|ref|NR_042008.1|	96.629	445	13	2	2	445	338	781	0.0	737	585394
871edcc6ed801bcda2f2bb3c735ef05e	gi|2363086302|ref|NR_181403.1|	96.413	446	14	1	2	445	243	688	0.0	734	2763061
871edcc6ed801bcda2f2bb3c735ef05e	gi|2363085153|ref|NR_180825.1|	96.404	445	15	1	2	445	344	788	0.0	732	2605790
871edcc6ed801bcda2f2bb3c735ef05e	gi|2363085149|ref|NR_180823.1|	96.396	444	16	0	2	445	354	797	0.0	732	2606634
871edcc6ed801bcda2f2bb3c735ef05e	gi|444304209|ref|NR_074634.1|	96.396	444	16	0	2	445	347	790	0.0	732	515619
12c6a6fed99a00a678bc32ced6d82012	gi|343203338|ref|NR_043660.1|	99.787	469	1	0	2	470	309	777	0.0	861	197614
12c6a6fed99a00a678bc32ced6d82012	gi|343201094|ref|NR_041781.1|	99.787	469	1	0	2	470	326	794	0.0	861	29389
12c6a6fed99a00a678bc32ced6d82012	gi|310975138|ref|NR_037002.1|	99.787	469	1	0	2	470	337	805	0.0	861	59310
12c6a6fed99a00a678bc32ced6d82012	gi|2363087451|ref|NR_181987.1|	99.574	469	2	0	2	470	324	792	0.0	856	2740579
12c6a6fed99a00a678bc32ced6d82012	gi|631252396|ref|NR_113594.1|	99.574	469	2	0	2	470	317	785	0.0	856	1335
12c6a6fed99a00a678bc32ced6d82012	gi|636559659|ref|NR_115719.1|	99.574	469	2	0	2	470	309	777	0.0	856	150055
12c6a6fed99a00a678bc32ced6d82012	gi|636558585|ref|NR_114642.1|	99.574	469	2	0	2	470	299	767	0.0	856	1335
12c6a6fed99a00a678bc32ced6d82012	gi|310975232|ref|NR_037096.1|	99.574	469	2	0	2	470	315	783	0.0	856	150055
12c6a6fed99a00a678bc32ced6d82012	gi|343201326|ref|NR_042052.1|	99.574	469	2	0	2	470	240	708	0.0	856	525379
12c6a6fed99a00a678bc32ced6d82012	gi|343201325|ref|NR_042051.1|	99.574	469	2	0	2	470	269	737	0.0	856	150055
fd43c1b74c7858a4adeeb92c7d8bf9fc	gi|310974936|ref|NR_036800.1|	99.550	444	2	0	2	445	323	766	0.0	809	411470
fd43c1b74c7858a4adeeb92c7d8bf9fc	gi|645321810|ref|NR_118690.1|	99.550	444	2	0	2	445	335	778	0.0	809	411470
fd43c1b74c7858a4adeeb92c7d8bf9fc	gi|2363085474|ref|NR_180986.1|	97.523	444	11	0	2	445	344	787	0.0	760	2681861
fd43c1b74c7858a4adeeb92c7d8bf9fc	gi|265678578|ref|NR_028883.1|	96.413	446	13	3	2	445	223	667	0.0	732	88431
fd43c1b74c7858a4adeeb92c7d8bf9fc	gi|631250892|ref|NR_112089.1|	96.404	445	14	2	2	445	333	776	0.0	732	553973
fd43c1b74c7858a4adeeb92c7d8bf9fc	gi|224581401|ref|NR_024719.1|	96.404	445	13	3	2	445	338	780	0.0	730	89153
fd43c1b74c7858a4adeeb92c7d8bf9fc	gi|2363085103|ref|NR_180800.1|	96.171	444	17	0	2	445	344	787	0.0	726	2652274
fd43c1b74c7858a4adeeb92c7d8bf9fc	gi|1397641798|ref|NR_156907.1|	96.188	446	13	4	2	445	345	788	0.0	726	1912855
fd43c1b74c7858a4adeeb92c7d8bf9fc	gi|1116030273|ref|NR_144731.1|	96.171	444	17	0	2	445	344	787	0.0	726	1720294
fd43c1b74c7858a4adeeb92c7d8bf9fc	gi|219857617|ref|NR_025206.1|	96.171	444	17	0	2	445	311	754	0.0	726	180286
863a2f906bb39dc80696601865cf789b	gi|631252372|ref|NR_113570.1|	99.360	469	3	0	2	470	330	798	0.0	850	1110546
863a2f906bb39dc80696601865cf789b	gi|343205749|ref|NR_044153.1|	99.147	469	4	0	2	470	323	791	0.0	846	419208
863a2f906bb39dc80696601865cf789b	gi|444439665|ref|NR_074980.1|	99.147	469	4	0	2	470	350	818	0.0	845	479436
863a2f906bb39dc80696601865cf789b	gi|631251833|ref|NR_113031.1|	99.147	469	4	0	2	470	350	818	0.0	845	29466
863a2f906bb39dc80696601865cf789b	gi|343202582|ref|NR_042940.1|	99.147	469	4	0	2	470	235	703	0.0	845	248315
863a2f906bb39dc80696601865cf789b	gi|645322414|ref|NR_119168.1|	99.147	469	4	0	2	470	328	796	0.0	845	479436
863a2f906bb39dc80696601865cf789b	gi|645320589|ref|NR_117759.1|	98.934	469	5	0	2	470	326	794	0.0	841	479436
863a2f906bb39dc80696601865cf789b	gi|343202841|ref|NR_043332.1|	98.934	469	5	0	2	470	323	791	0.0	841	479436
863a2f906bb39dc80696601865cf789b	gi|2363082157|ref|NR_179325.1|	98.507	469	7	0	2	470	297	765	0.0	828	2682456
863a2f906bb39dc80696601865cf789b	gi|343205705|ref|NR_044091.1|	98.507	469	7	0	2	470	237	705	0.0	828	423477
7b088243887a7ee9076e10688531ba4c	gi|1909404440|ref|NR_170495.1|	99.775	444	1	0	2	445	352	795	0.0	815	2509240
7b088243887a7ee9076e10688531ba4c	gi|2363085133|ref|NR_180815.1|	99.550	444	2	0	2	445	347	790	0.0	809	2606633
7b088243887a7ee9076e10688531ba4c	gi|2363083556|ref|NR_180026.1|	99.550	444	2	0	2	445	345	788	0.0	809	2696678
7b088243887a7ee9076e10688531ba4c	gi|636560687|ref|NR_116747.1|	97.297	444	12	0	2	445	298	741	0.0	754	1298596
7b088243887a7ee9076e10688531ba4c	gi|2363082059|ref|NR_179276.1|	96.847	444	14	0	2	445	331	774	0.0	743	2316025
7b088243887a7ee9076e10688531ba4c	gi|974142252|ref|NR_134772.1|	96.847	444	14	0	2	445	294	737	0.0	743	1337051
7b088243887a7ee9076e10688531ba4c	gi|1384992332|ref|NR_156081.1|	96.622	444	15	0	2	445	333	776	0.0	737	1469948
7b088243887a7ee9076e10688531ba4c	gi|1384992329|ref|NR_156078.1|	96.622	444	15	0	2	445	333	776	0.0	737	1469948
7b088243887a7ee9076e10688531ba4c	gi|343201234|ref|NR_041960.1|	96.629	445	14	1	2	445	219	663	0.0	737	89014
7b088243887a7ee9076e10688531ba4c	gi|228719063|ref|NR_027579.1|	96.396	444	16	0	2	445	313	756	0.0	737	471875
5ff424c742cdb1cd51bdf6b957531b80	gi|2363082296|ref|NR_179395.1|	99.147	469	4	0	2	470	327	795	0.0	848	1506471
5ff424c742cdb1cd51bdf6b957531b80	gi|2136551693|ref|NR_173698.1|	98.721	469	6	0	2	470	315	783	0.0	841	2259133
5ff424c742cdb1cd51bdf6b957531b80	gi|645320614|ref|NR_117778.1|	93.177	469	32	0	2	470	290	758	0.0	689	40545
5ff424c742cdb1cd51bdf6b957531b80	gi|559795260|ref|NR_104851.1|	93.177	469	32	0	2	470	279	747	0.0	689	40545
5ff424c742cdb1cd51bdf6b957531b80	gi|2363082713|ref|NR_179604.1|	92.964	469	33	0	2	470	307	775	0.0	684	1944635
5ff424c742cdb1cd51bdf6b957531b80	gi|1864207054|ref|NR_169348.1|	92.537	469	35	0	2	470	316	784	0.0	673	2584944
5ff424c742cdb1cd51bdf6b957531b80	gi|1193829158|ref|NR_147401.1|	92.357	471	32	3	2	470	329	797	0.0	667	1816689
5ff424c742cdb1cd51bdf6b957531b80	gi|3030611260|ref|NR_199936.1|	91.966	473	30	7	2	470	272	740	0.0	656	1799477
5ff424c742cdb1cd51bdf6b957531b80	gi|1315204049|ref|NR_152719.1|	91.915	470	36	2	2	470	303	771	0.0	656	1796922
5ff424c742cdb1cd51bdf6b957531b80	gi|2363083615|ref|NR_180055.1|	91.915	470	36	2	2	470	299	767	0.0	656	1861917
7abc46c40941e025204643845c758319	gi|1109168025|ref|NR_144611.1|	97.539	447	11	0	2	448	279	725	0.0	765	1417852
7abc46c40941e025204643845c758319	gi|3030611324|ref|NR_200000.1|	95.973	447	18	0	2	448	298	744	0.0	726	3342383
7abc46c40941e025204643845c758319	gi|2136551692|ref|NR_173697.1|	95.991	449	13	5	2	448	346	791	0.0	725	2108523
7abc46c40941e025204643845c758319	gi|2363082358|ref|NR_179426.1|	95.323	449	17	4	2	448	346	792	0.0	710	1702285
7abc46c40941e025204643845c758319	gi|645321636|ref|NR_118554.1|	95.078	447	22	0	2	448	326	772	0.0	704	1297617
7abc46c40941e025204643845c758319	gi|343198636|ref|NR_043142.1|	95.100	449	18	4	2	448	320	766	0.0	704	292800
7abc46c40941e025204643845c758319	gi|265679048|ref|NR_029356.1|	95.100	449	18	4	2	448	333	779	0.0	704	292800
7abc46c40941e025204643845c758319	gi|2363082326|ref|NR_179410.1|	94.878	449	19	4	2	448	346	792	0.0	699	1650661
7abc46c40941e025204643845c758319	gi|2363082342|ref|NR_179418.1|	94.432	449	21	4	2	448	345	791	0.0	688	1673721
7abc46c40941e025204643845c758319	gi|1193829127|ref|NR_147370.1|	94.432	449	21	4	2	448	346	792	0.0	688	1870988
9defb7acad5b2910a5dd819b487ab4f5	gi|2363085097|ref|NR_180797.1|	96.404	445	14	2	2	445	343	786	0.0	732	2605778
9defb7acad5b2910a5dd819b487ab4f5	gi|2363082679|ref|NR_179587.1|	95.721	444	19	0	2	445	325	768	0.0	715	1926283
9defb7acad5b2910a5dd819b487ab4f5	gi|2363081854|ref|NR_179173.1|	95.721	444	19	0	2	445	330	773	0.0	715	2126740
9defb7acad5b2910a5dd819b487ab4f5	gi|645321072|ref|NR_118128.1|	95.516	446	16	4	2	445	171	614	0.0	710	1531
9defb7acad5b2910a5dd819b487ab4f5	gi|631252212|ref|NR_113410.1|	95.516	446	16	4	2	445	254	697	0.0	710	208479
9defb7acad5b2910a5dd819b487ab4f5	gi|219878428|ref|NR_025567.1|	95.516	446	16	4	2	445	345	788	0.0	710	208479
9defb7acad5b2910a5dd819b487ab4f5	gi|2363082583|ref|NR_179538.1|	95.291	446	17	4	2	445	343	786	0.0	704	1852382
9defb7acad5b2910a5dd819b487ab4f5	gi|545589118|ref|NR_044715.2|	95.056	445	20	2	2	445	352	795	0.0	701	1531
9defb7acad5b2910a5dd819b487ab4f5	gi|631251457|ref|NR_112654.1|	95.056	445	20	2	2	445	335	778	0.0	701	1286362
9defb7acad5b2910a5dd819b487ab4f5	gi|2363083601|ref|NR_180048.1|	95.045	444	22	0	2	445	335	778	0.0	699	253257
3fc543d78c6a855aed83ba7b36acd220	gi|343200620|ref|NR_041307.1|	99.353	464	3	0	2	465	331	794	0.0	841	329854
3fc543d78c6a855aed83ba7b36acd220	gi|631251735|ref|NR_112933.1|	98.491	464	7	0	2	465	331	794	0.0	819	246787
3fc543d78c6a855aed83ba7b36acd220	gi|1116030246|ref|NR_144704.1|	97.634	465	9	2	2	465	248	711	0.0	797	1203465
3fc543d78c6a855aed83ba7b36acd220	gi|343201477|ref|NR_042203.1|	97.629	464	11	0	2	465	292	755	0.0	797	537012
3fc543d78c6a855aed83ba7b36acd220	gi|631251745|ref|NR_112943.1|	96.983	464	14	0	2	465	323	786	0.0	780	449673
3fc543d78c6a855aed83ba7b36acd220	gi|631251734|ref|NR_112932.1|	96.767	464	15	0	2	465	325	788	0.0	774	47678
3fc543d78c6a855aed83ba7b36acd220	gi|219846650|ref|NR_026242.1|	96.767	464	15	0	2	465	315	778	0.0	774	47678
3fc543d78c6a855aed83ba7b36acd220	gi|631251867|ref|NR_113065.1|	96.552	464	16	0	2	465	335	798	0.0	769	762984
3fc543d78c6a855aed83ba7b36acd220	gi|631251695|ref|NR_112893.1|	96.552	464	16	0	2	465	315	778	0.0	769	762984
3fc543d78c6a855aed83ba7b36acd220	gi|2363086949|ref|NR_181731.1|	96.336	464	17	0	2	465	287	750	0.0	763	2834112
0380e101277243b592c13fb90401b9c9	gi|631252186|ref|NR_113384.1|	92.428	449	28	5	1	444	317	764	0.0	636	856
0380e101277243b592c13fb90401b9c9	gi|343206228|ref|NR_044820.1|	91.275	447	33	5	3	444	244	689	7.61e-175	612	861
0380e101277243b592c13fb90401b9c9	gi|645320556|ref|NR_117734.1|	91.091	449	34	5	1	444	305	752	4.58e-172	603	850
0380e101277243b592c13fb90401b9c9	gi|1269235450|ref|NR_146837.2|	90.646	449	36	5	1	444	322	769	9.92e-169	592	1755100
0380e101277243b592c13fb90401b9c9	gi|631252181|ref|NR_113379.1|	90.423	449	37	5	1	444	317	764	4.61e-167	586	134605
0380e101277243b592c13fb90401b9c9	gi|265678628|ref|NR_028933.1|	90.423	449	37	5	1	444	317	764	4.61e-167	586	134605
0380e101277243b592c13fb90401b9c9	gi|228720055|ref|NR_027588.1|	90.157	447	38	6	3	444	244	689	2.15e-165	580	469615
0380e101277243b592c13fb90401b9c9	gi|645322306|ref|NR_119089.1|	90.519	443	32	9	1	436	319	758	2.78e-164	577	850
0380e101277243b592c13fb90401b9c9	gi|2363082567|ref|NR_179530.1|	89.978	449	39	5	1	444	315	762	9.99e-164	575	1852365
0380e101277243b592c13fb90401b9c9	gi|631253202|ref|NR_114400.1|	89.978	449	39	6	1	444	317	764	9.99e-164	575	859
60c54e2e14599a3c1b1931f6d5bae1d0	gi|2363082779|ref|NR_179638.1|	99.775	444	1	0	2	445	345	788	0.0	815	2040291
60c54e2e14599a3c1b1931f6d5bae1d0	gi|545589044|ref|NR_044645.2|	98.874	444	5	0	2	445	352	795	0.0	800	39486
60c54e2e14599a3c1b1931f6d5bae1d0	gi|1397641798|ref|NR_156907.1|	97.072	444	13	0	2	445	345	788	0.0	749	1912855
60c54e2e14599a3c1b1931f6d5bae1d0	gi|1109168038|ref|NR_144617.1|	97.072	444	13	0	2	445	337	780	0.0	749	1796634
60c54e2e14599a3c1b1931f6d5bae1d0	gi|2363086021|ref|NR_181263.1|	96.622	444	15	0	2	445	331	774	0.0	737	2726362
60c54e2e14599a3c1b1931f6d5bae1d0	gi|343203027|ref|NR_043551.1|	96.396	444	16	0	2	445	346	789	0.0	732	341220
60c54e2e14599a3c1b1931f6d5bae1d0	gi|3248465643|ref|NR_201655.1|	96.180	445	15	2	2	445	310	753	0.0	726	3380807
60c54e2e14599a3c1b1931f6d5bae1d0	gi|2136551567|ref|NR_173570.1|	96.180	445	15	2	2	445	327	770	0.0	726	1912090
60c54e2e14599a3c1b1931f6d5bae1d0	gi|2363082765|ref|NR_179631.1|	96.188	446	13	4	2	445	345	788	0.0	726	2014528
60c54e2e14599a3c1b1931f6d5bae1d0	gi|631253194|ref|NR_114392.1|	96.180	445	15	2	2	445	347	790	0.0	726	1544
520df62b0efafab07931a8570863331e	gi|2363081254|ref|NR_178871.1|	89.978	449	39	6	2	448	334	778	1.01e-163	575	1792311
520df62b0efafab07931a8570863331e	gi|2363086264|ref|NR_181384.1|	90.000	450	36	9	2	448	247	690	3.63e-163	573	2763660
520df62b0efafab07931a8570863331e	gi|444304204|ref|NR_074629.1|	89.625	453	35	9	2	448	338	784	6.07e-161	566	1515
520df62b0efafab07931a8570863331e	gi|631251959|ref|NR_113157.1|	89.625	453	35	9	2	448	338	784	6.07e-161	566	1515
520df62b0efafab07931a8570863331e	gi|343200549|ref|NR_041236.1|	89.485	447	45	2	2	448	318	762	2.18e-160	564	1122184
520df62b0efafab07931a8570863331e	gi|2363084120|ref|NR_180309.1|	89.404	453	36	9	2	448	286	732	2.82e-159	560	2487273
520df62b0efafab07931a8570863331e	gi|785794309|ref|NG_041947.1|	89.381	452	38	10	2	448	466	912	2.82e-159	560	394503
520df62b0efafab07931a8570863331e	gi|785497611|ref|NR_102768.2|	89.381	452	38	10	2	448	327	773	2.82e-159	560	1521
520df62b0efafab07931a8570863331e	gi|631252162|ref|NR_113360.1|	89.404	453	36	12	2	448	336	782	2.82e-159	560	1121303
520df62b0efafab07931a8570863331e	gi|645319736|ref|NR_117111.1|	89.404	453	36	12	2	448	333	779	2.82e-159	560	29371
4659b0162ed4fcafda138fe89aabeb0e	gi|444304209|ref|NR_074634.1|	99.775	444	1	0	2	445	347	790	0.0	815	515619
4659b0162ed4fcafda138fe89aabeb0e	gi|343198540|ref|NR_042832.1|	98.652	445	5	1	2	445	327	771	0.0	787	301302
4659b0162ed4fcafda138fe89aabeb0e	gi|1227086116|ref|NR_148619.1|	98.206	446	6	2	2	445	298	743	0.0	778	1712665
4659b0162ed4fcafda138fe89aabeb0e	gi|645320588|ref|NR_117758.1|	97.758	446	8	1	2	445	319	764	0.0	767	166486
4659b0162ed4fcafda138fe89aabeb0e	gi|228716944|ref|NR_027557.1|	97.758	446	8	1	2	445	340	785	0.0	767	536231
4659b0162ed4fcafda138fe89aabeb0e	gi|444439494|ref|NR_074809.1|	97.753	445	9	1	2	445	347	791	0.0	765	585394
4659b0162ed4fcafda138fe89aabeb0e	gi|343201282|ref|NR_042008.1|	97.528	445	9	2	2	445	338	781	0.0	760	585394
4659b0162ed4fcafda138fe89aabeb0e	gi|2363085153|ref|NR_180825.1|	97.303	445	11	1	2	445	344	788	0.0	754	2605790
4659b0162ed4fcafda138fe89aabeb0e	gi|219846723|ref|NR_026315.1|	97.297	444	12	0	2	445	314	757	0.0	754	46206
4659b0162ed4fcafda138fe89aabeb0e	gi|2363086282|ref|NR_181393.1|	97.072	444	13	0	2	445	287	730	0.0	749	2763664
5b932a233d08289f3ef6ed300ab6af57	gi|1811131545|ref|NR_165727.1|	98.884	448	5	0	2	449	355	802	0.0	800	2358141
5b932a233d08289f3ef6ed300ab6af57	gi|219846061|ref|NR_025651.1|	94.866	448	22	1	2	449	347	793	0.0	699	160404
5b932a233d08289f3ef6ed300ab6af57	gi|631252210|ref|NR_113408.1|	94.643	448	23	1	2	449	348	794	0.0	693	28446
5b932a233d08289f3ef6ed300ab6af57	gi|1445136073|ref|NR_158113.1|	94.655	449	21	3	2	449	325	771	0.0	693	433287
5b932a233d08289f3ef6ed300ab6af57	gi|265678961|ref|NR_029269.1|	94.420	448	23	2	2	449	347	792	0.0	688	28446
5b932a233d08289f3ef6ed300ab6af57	gi|2621112349|ref|NR_189253.1|	93.973	448	27	0	2	449	342	789	0.0	678	2918914
5b932a233d08289f3ef6ed300ab6af57	gi|1397641803|ref|NR_156912.1|	93.750	448	27	1	2	449	304	750	0.0	671	1450156
5b932a233d08289f3ef6ed300ab6af57	gi|645320791|ref|NR_117912.1|	93.750	448	27	1	2	449	322	768	0.0	671	879970
5b932a233d08289f3ef6ed300ab6af57	gi|219846558|ref|NR_026150.1|	93.750	448	26	2	2	449	347	792	0.0	671	36847
5b932a233d08289f3ef6ed300ab6af57	gi|1230874676|ref|NR_148837.1|	93.541	449	23	4	2	449	344	787	0.0	664	1675854
3961616cb2b85a0af521a5f3ef85b270	gi|310975253|ref|NR_037117.1|	100.000	451	0	0	2	452	328	778	0.0	833	28026
3961616cb2b85a0af521a5f3ef85b270	gi|631251581|ref|NR_112779.1|	100.000	451	0	0	2	452	328	778	0.0	833	1150460
3961616cb2b85a0af521a5f3ef85b270	gi|343201160|ref|NR_041875.1|	100.000	451	0	0	2	452	307	757	0.0	833	1686
3961616cb2b85a0af521a5f3ef85b270	gi|3248465902|ref|NR_201917.1|	99.557	451	2	0	2	452	335	785	0.0	822	3692808
3961616cb2b85a0af521a5f3ef85b270	gi|310974989|ref|NR_036853.1|	99.113	451	4	0	2	452	327	777	0.0	811	1683
3961616cb2b85a0af521a5f3ef85b270	gi|2363087083|ref|NR_181797.1|	98.673	452	4	2	2	452	247	697	0.0	800	2834432
3961616cb2b85a0af521a5f3ef85b270	gi|636559583|ref|NR_115643.1|	98.673	452	4	2	2	452	245	695	0.0	800	78345
3961616cb2b85a0af521a5f3ef85b270	gi|1269801543|ref|NR_074802.2|	98.455	453	5	2	2	452	338	790	0.0	797	367928
3961616cb2b85a0af521a5f3ef85b270	gi|961555015|ref|NR_133982.1|	98.455	453	5	2	2	452	308	760	0.0	797	1680
3961616cb2b85a0af521a5f3ef85b270	gi|645321680|ref|NR_118589.1|	98.455	453	5	2	2	452	332	784	0.0	797	1437612
09024ff0fb0f6bb73648d9e3a88d293a	gi|645321072|ref|NR_118128.1|	99.550	444	2	0	2	445	171	614	0.0	809	1531
09024ff0fb0f6bb73648d9e3a88d293a	gi|631252212|ref|NR_113410.1|	99.550	444	2	0	2	445	254	697	0.0	809	208479
09024ff0fb0f6bb73648d9e3a88d293a	gi|219878428|ref|NR_025567.1|	99.550	444	2	0	2	445	345	788	0.0	809	208479
09024ff0fb0f6bb73648d9e3a88d293a	gi|2363082583|ref|NR_179538.1|	99.324	444	3	0	2	445	343	786	0.0	804	1852382
09024ff0fb0f6bb73648d9e3a88d293a	gi|545589118|ref|NR_044715.2|	99.099	444	4	0	2	445	352	795	0.0	800	1531
09024ff0fb0f6bb73648d9e3a88d293a	gi|343198784|ref|NR_043681.1|	99.099	444	4	0	2	445	310	753	0.0	798	358743
09024ff0fb0f6bb73648d9e3a88d293a	gi|343201474|ref|NR_042200.1|	97.297	444	12	0	2	445	315	758	0.0	754	333367
09024ff0fb0f6bb73648d9e3a88d293a	gi|343205837|ref|NR_044289.1|	97.072	444	13	0	2	445	325	768	0.0	749	460384
09024ff0fb0f6bb73648d9e3a88d293a	gi|1193829153|ref|NR_147396.1|	96.847	444	14	0	2	445	325	768	0.0	743	1917870
09024ff0fb0f6bb73648d9e3a88d293a	gi|2363085097|ref|NR_180797.1|	96.847	444	14	0	2	445	343	786	0.0	743	2605778
75b3ea1e82bb7c34331ce7ef39070fb8	gi|2260473023|ref|NR_176800.1|	99.787	470	1	0	2	471	300	769	0.0	863	35833
75b3ea1e82bb7c34331ce7ef39070fb8	gi|2962412215|ref|NR_199409.1|	92.812	473	27	7	2	471	325	793	0.0	678	3136602
75b3ea1e82bb7c34331ce7ef39070fb8	gi|631252098|ref|NR_113296.1|	92.781	471	31	3	2	471	338	806	0.0	678	54565
75b3ea1e82bb7c34331ce7ef39070fb8	gi|645319734|ref|NR_117110.1|	92.781	471	31	3	2	471	334	802	0.0	678	54565
75b3ea1e82bb7c34331ce7ef39070fb8	gi|219846821|ref|NR_026413.1|	92.797	472	29	5	2	471	317	785	0.0	678	58621
75b3ea1e82bb7c34331ce7ef39070fb8	gi|219846663|ref|NR_026255.1|	91.915	470	37	1	2	471	316	784	0.0	656	644897
75b3ea1e82bb7c34331ce7ef39070fb8	gi|343198744|ref|NR_043567.1|	91.702	470	38	1	2	471	337	805	0.0	651	32016
75b3ea1e82bb7c34331ce7ef39070fb8	gi|636558706|ref|NR_114763.1|	91.702	470	38	1	2	471	197	665	0.0	651	32016
75b3ea1e82bb7c34331ce7ef39070fb8	gi|559795397|ref|NR_104990.1|	91.772	474	30	9	2	471	337	805	0.0	651	876
75b3ea1e82bb7c34331ce7ef39070fb8	gi|566084868|ref|NR_108301.1|	91.614	477	28	12	2	471	321	792	0.0	649	571438
8b935b944aa32eac0b70cf73f8d03352	gi|265678578|ref|NR_028883.1|	99.101	445	3	1	2	445	223	667	0.0	798	88431
8b935b944aa32eac0b70cf73f8d03352	gi|1397641798|ref|NR_156907.1|	96.637	446	11	4	2	445	345	788	0.0	737	1912855
8b935b944aa32eac0b70cf73f8d03352	gi|265678482|ref|NR_028785.1|	96.629	445	13	2	2	445	348	791	0.0	737	29347
8b935b944aa32eac0b70cf73f8d03352	gi|1109168023|ref|NR_144610.1|	96.404	445	14	2	2	445	336	779	0.0	732	1796622
8b935b944aa32eac0b70cf73f8d03352	gi|645322565|ref|NR_119285.1|	96.404	445	14	2	2	445	322	765	0.0	732	29347
8b935b944aa32eac0b70cf73f8d03352	gi|631250892|ref|NR_112089.1|	96.413	446	12	4	2	445	333	776	0.0	732	553973
8b935b944aa32eac0b70cf73f8d03352	gi|310974936|ref|NR_036800.1|	96.404	445	14	2	2	445	323	766	0.0	732	411470
8b935b944aa32eac0b70cf73f8d03352	gi|645321810|ref|NR_118690.1|	96.404	445	14	2	2	445	335	778	0.0	732	411470
8b935b944aa32eac0b70cf73f8d03352	gi|224581401|ref|NR_024719.1|	96.413	446	11	5	2	445	338	780	0.0	730	89153
8b935b944aa32eac0b70cf73f8d03352	gi|2363082765|ref|NR_179631.1|	96.171	444	17	0	2	445	345	788	0.0	726	2014528
e03c654bbe0096e258b7f46b5e22615a	gi|310974914|ref|NR_036777.1|	98.874	444	5	0	2	445	330	773	0.0	797	33039
e03c654bbe0096e258b7f46b5e22615a	gi|2363084846|ref|NR_180671.1|	98.423	444	7	0	2	445	60	503	0.0	782	2594882
e03c654bbe0096e258b7f46b5e22615a	gi|2363082374|ref|NR_179434.1|	98.198	444	8	0	2	445	346	789	0.0	776	1720300
e03c654bbe0096e258b7f46b5e22615a	gi|2962412221|ref|NR_199415.1|	97.748	444	10	0	2	445	335	778	0.0	765	3136600
e03c654bbe0096e258b7f46b5e22615a	gi|636560687|ref|NR_116747.1|	97.523	444	11	0	2	445	298	741	0.0	760	1298596
e03c654bbe0096e258b7f46b5e22615a	gi|636559443|ref|NR_115502.1|	96.413	446	13	3	2	445	346	790	0.0	745	33039
e03c654bbe0096e258b7f46b5e22615a	gi|631251356|ref|NR_112553.1|	96.629	445	14	1	2	445	345	789	0.0	737	342942
e03c654bbe0096e258b7f46b5e22615a	gi|2363085133|ref|NR_180815.1|	96.396	444	16	0	2	445	347	790	0.0	732	2606633
e03c654bbe0096e258b7f46b5e22615a	gi|2363082059|ref|NR_179276.1|	96.396	444	16	0	2	445	331	774	0.0	732	2316025
e03c654bbe0096e258b7f46b5e22615a	gi|2363083556|ref|NR_180026.1|	96.396	444	16	0	2	445	345	788	0.0	732	2696678
78453668182c0182ec5414d8bc7fd45e	gi|219846559|ref|NR_026151.1|	96.205	448	15	2	2	448	301	747	0.0	732	36835
78453668182c0182ec5414d8bc7fd45e	gi|2363086310|ref|NR_181407.1|	91.946	447	33	1	2	448	352	795	3.55e-178	623	2850323
78453668182c0182ec5414d8bc7fd45e	gi|2363086308|ref|NR_181406.1|	91.946	447	33	1	2	448	354	797	3.55e-178	623	2850322
78453668182c0182ec5414d8bc7fd45e	gi|1227086118|ref|NR_148620.1|	91.741	448	32	3	2	448	192	635	1.65e-176	617	1763509
78453668182c0182ec5414d8bc7fd45e	gi|566085043|ref|NR_108630.1|	91.071	448	38	2	2	448	332	778	1.29e-172	604	680378
78453668182c0182ec5414d8bc7fd45e	gi|566085050|ref|NR_108636.1|	91.051	447	37	1	2	448	345	788	1.66e-171	601	682400
78453668182c0182ec5414d8bc7fd45e	gi|219857617|ref|NR_025206.1|	91.071	448	35	3	2	448	311	754	1.66e-171	601	180286
78453668182c0182ec5414d8bc7fd45e	gi|2363080125|ref|NR_178281.1|	91.071	448	35	3	2	448	337	780	1.66e-171	601	105843
78453668182c0182ec5414d8bc7fd45e	gi|219856842|ref|NR_024661.1|	91.091	449	33	6	2	448	358	801	1.66e-171	601	42322
78453668182c0182ec5414d8bc7fd45e	gi|2621112285|ref|NR_189188.1|	90.848	448	39	2	2	448	317	763	5.98e-171	599	2785025
87cd031454221e6ca15cbf39cef8cfe9	gi|2363084544|ref|NR_180520.1|	98.876	445	3	2	2	446	353	795	0.0	793	2564099
87cd031454221e6ca15cbf39cef8cfe9	gi|219846340|ref|NR_025930.1|	95.740	446	18	1	2	446	293	738	0.0	717	40518
87cd031454221e6ca15cbf39cef8cfe9	gi|2136551638|ref|NR_173642.1|	95.536	448	16	3	2	446	346	792	0.0	713	2678306
87cd031454221e6ca15cbf39cef8cfe9	gi|2363082825|ref|NR_179661.1|	92.188	448	31	3	2	446	339	785	2.11e-180	630	2086583
87cd031454221e6ca15cbf39cef8cfe9	gi|2136551663|ref|NR_173668.1|	91.518	448	31	7	2	446	291	734	2.75e-174	610	2766537
87cd031454221e6ca15cbf39cef8cfe9	gi|636558732|ref|NR_114789.1|	91.499	447	33	5	2	446	344	787	2.75e-174	610	1535
87cd031454221e6ca15cbf39cef8cfe9	gi|3248465687|ref|NR_201701.1|	91.051	447	38	2	2	446	327	773	4.60e-172	603	3435187
87cd031454221e6ca15cbf39cef8cfe9	gi|3248465688|ref|NR_201702.1|	91.051	447	38	2	2	446	325	771	4.60e-172	603	3435000
87cd031454221e6ca15cbf39cef8cfe9	gi|2836274968|ref|NR_197731.1|	90.828	447	36	5	2	446	303	746	2.77e-169	593	3093659
87cd031454221e6ca15cbf39cef8cfe9	gi|2836274966|ref|NR_197729.1|	90.807	446	38	3	2	446	301	744	2.77e-169	593	3093657
bd1d4571f1fa042af05e326d2b8cbfaa	gi|1109168015|ref|NR_144606.1|	97.629	464	11	0	2	465	337	800	0.0	797	1796613
bd1d4571f1fa042af05e326d2b8cbfaa	gi|2363082611|ref|NR_179552.1|	97.204	465	12	1	2	465	337	801	0.0	785	1871006
bd1d4571f1fa042af05e326d2b8cbfaa	gi|631251869|ref|NR_113067.1|	96.567	466	12	3	2	465	322	785	0.0	769	1077285
bd1d4571f1fa042af05e326d2b8cbfaa	gi|645320100|ref|NR_117387.1|	96.559	465	14	2	2	465	317	780	0.0	769	1077285
bd1d4571f1fa042af05e326d2b8cbfaa	gi|343200626|ref|NR_041313.1|	96.559	465	14	2	2	465	337	800	0.0	769	338188
bd1d4571f1fa042af05e326d2b8cbfaa	gi|2363082547|ref|NR_179520.1|	96.336	464	17	0	2	465	311	774	0.0	763	1841855
bd1d4571f1fa042af05e326d2b8cbfaa	gi|2363084421|ref|NR_180458.1|	96.137	466	14	3	2	465	337	800	0.0	758	2650157
bd1d4571f1fa042af05e326d2b8cbfaa	gi|631252009|ref|NR_113207.1|	95.690	464	20	0	2	465	331	794	0.0	747	1236514
bd1d4571f1fa042af05e326d2b8cbfaa	gi|631251874|ref|NR_113072.1|	95.690	464	20	0	2	465	335	798	0.0	747	1236512
bd1d4571f1fa042af05e326d2b8cbfaa	gi|631251734|ref|NR_112932.1|	95.708	466	16	3	2	465	325	788	0.0	747	47678
33d84c30cdf9f2375240aaaa76b3fae9	gi|645321785|ref|NR_118670.1|	98.649	444	6	0	2	445	354	797	0.0	795	39496
33d84c30cdf9f2375240aaaa76b3fae9	gi|219857617|ref|NR_025206.1|	95.045	444	22	0	2	445	311	754	0.0	699	180286
33d84c30cdf9f2375240aaaa76b3fae9	gi|1040567056|ref|NR_137405.1|	94.820	444	23	0	2	445	304	747	0.0	693	1619234
33d84c30cdf9f2375240aaaa76b3fae9	gi|631250892|ref|NR_112089.1|	94.820	444	23	0	2	445	333	776	0.0	693	553973
33d84c30cdf9f2375240aaaa76b3fae9	gi|224581401|ref|NR_024719.1|	94.820	444	22	1	2	445	338	780	0.0	691	89153
33d84c30cdf9f2375240aaaa76b3fae9	gi|1397641798|ref|NR_156907.1|	94.607	445	22	2	2	445	345	788	0.0	688	1912855
33d84c30cdf9f2375240aaaa76b3fae9	gi|1109168027|ref|NR_144612.1|	94.607	445	22	2	2	445	347	790	0.0	688	1796636
33d84c30cdf9f2375240aaaa76b3fae9	gi|559795252|ref|NR_104842.1|	94.595	444	24	0	2	445	342	785	0.0	688	39495
33d84c30cdf9f2375240aaaa76b3fae9	gi|343203027|ref|NR_043551.1|	94.607	445	22	2	2	445	346	789	0.0	688	341220
33d84c30cdf9f2375240aaaa76b3fae9	gi|3248465643|ref|NR_201655.1|	94.144	444	26	0	2	445	310	753	0.0	676	3380807
b425782ef15f7c5914583d182ef12b17	gi|228718376|ref|NR_027573.1|	99.774	443	1	0	2	444	300	742	0.0	813	261299
b425782ef15f7c5914583d182ef12b17	gi|645322235|ref|NR_119034.1|	98.646	443	5	1	2	444	317	758	0.0	784	1121321
b425782ef15f7c5914583d182ef12b17	gi|631251934|ref|NR_113132.1|	98.420	443	7	0	2	444	318	760	0.0	780	1121308
b425782ef15f7c5914583d182ef12b17	gi|2363081240|ref|NR_178864.1|	98.194	443	8	0	2	444	318	760	0.0	774	1507512
b425782ef15f7c5914583d182ef12b17	gi|631251942|ref|NR_113140.1|	98.194	443	8	0	2	444	316	758	0.0	774	1505
b425782ef15f7c5914583d182ef12b17	gi|645319814|ref|NR_117174.1|	97.968	443	9	0	2	444	313	755	0.0	769	1737
b425782ef15f7c5914583d182ef12b17	gi|631250758|ref|NR_104812.1|	97.968	443	9	0	2	444	315	757	0.0	769	1737
b425782ef15f7c5914583d182ef12b17	gi|559795110|ref|NR_104696.1|	97.968	443	9	0	2	444	316	758	0.0	769	29358
b425782ef15f7c5914583d182ef12b17	gi|636559738|ref|NR_115798.1|	97.968	443	9	0	2	444	318	760	0.0	769	1737
b425782ef15f7c5914583d182ef12b17	gi|636559737|ref|NR_115797.1|	97.968	443	9	0	2	444	318	760	0.0	769	1737
39eebdd771811ffd9254fd610bbe0e52	gi|631252213|ref|NR_113411.1|	98.925	465	5	0	2	466	338	802	0.0	832	537011
39eebdd771811ffd9254fd610bbe0e52	gi|343200190|ref|NR_040877.1|	98.710	465	6	0	2	466	338	802	0.0	828	537011
39eebdd771811ffd9254fd610bbe0e52	gi|2363084409|ref|NR_180452.1|	98.065	465	9	0	2	466	318	782	0.0	809	2518605
39eebdd771811ffd9254fd610bbe0e52	gi|631251907|ref|NR_113105.1|	94.206	466	25	2	2	466	326	790	0.0	710	470565
39eebdd771811ffd9254fd610bbe0e52	gi|343199048|ref|NR_044407.1|	94.206	466	25	2	2	466	318	782	0.0	710	470565
39eebdd771811ffd9254fd610bbe0e52	gi|566085557|ref|NR_109628.1|	93.777	466	27	2	2	466	319	783	0.0	699	1177574
39eebdd771811ffd9254fd610bbe0e52	gi|631251926|ref|NR_113124.1|	93.348	466	29	2	2	466	338	802	0.0	688	28137
39eebdd771811ffd9254fd610bbe0e52	gi|265678842|ref|NR_029147.1|	93.376	468	25	6	2	466	341	805	0.0	688	28136
39eebdd771811ffd9254fd610bbe0e52	gi|636559270|ref|NR_115327.1|	93.348	466	29	2	2	466	318	782	0.0	688	28137
39eebdd771811ffd9254fd610bbe0e52	gi|265678843|ref|NR_029148.1|	93.133	466	30	2	2	466	346	810	0.0	686	28137
b0fb2ea15d86e6377e51c122b3bc595a	gi|265678424|ref|NR_028726.1|	92.205	449	29	4	2	449	345	788	2.13e-180	630	94868
b0fb2ea15d86e6377e51c122b3bc595a	gi|631251457|ref|NR_112654.1|	91.964	448	32	2	2	449	335	778	2.75e-179	627	1286362
b0fb2ea15d86e6377e51c122b3bc595a	gi|2836274880|ref|NR_197643.1|	91.964	448	32	2	2	449	326	769	9.89e-179	625	2962432
b0fb2ea15d86e6377e51c122b3bc595a	gi|2363080261|ref|NR_178356.1|	91.964	448	32	2	2	449	310	753	9.89e-179	625	558153
b0fb2ea15d86e6377e51c122b3bc595a	gi|310975204|ref|NR_037068.1|	91.964	448	32	2	2	449	338	781	9.89e-179	625	29375
b0fb2ea15d86e6377e51c122b3bc595a	gi|219846508|ref|NR_026100.1|	91.964	448	32	2	2	449	320	763	9.89e-179	625	1286362
b0fb2ea15d86e6377e51c122b3bc595a	gi|219846817|ref|NR_026409.1|	91.964	448	32	2	2	449	338	781	9.89e-179	625	29370
b0fb2ea15d86e6377e51c122b3bc595a	gi|631250977|ref|NR_112174.1|	91.741	448	33	2	2	449	339	782	1.28e-177	621	1297793
b0fb2ea15d86e6377e51c122b3bc595a	gi|645322236|ref|NR_119035.1|	91.759	449	31	4	2	449	344	787	4.60e-177	619	1297793
b0fb2ea15d86e6377e51c122b3bc595a	gi|507148045|ref|NR_102852.1|	91.741	448	33	2	2	449	345	788	4.60e-177	619	84030
2ff42f0cddd686abd0b14f7789940800	gi|631253128|ref|NR_114326.1|	97.360	303	8	0	163	465	472	774	6.45e-146	516	1150298
2ff42f0cddd686abd0b14f7789940800	gi|1193829148|ref|NR_147391.1|	84.979	466	66	2	2	465	327	790	5.09e-132	470	1852362
2ff42f0cddd686abd0b14f7789940800	gi|1146059112|ref|NR_145844.1|	84.946	465	68	2	2	465	336	799	5.09e-132	470	1411144
2ff42f0cddd686abd0b14f7789940800	gi|2363087259|ref|NR_181885.1|	93.729	303	19	0	163	465	473	775	3.96e-128	457	2885351
2ff42f0cddd686abd0b14f7789940800	gi|1953646571|ref|NR_171444.1|	93.729	303	19	0	163	465	439	741	1.43e-127	455	1912897
2ff42f0cddd686abd0b14f7789940800	gi|1953646488|ref|NR_171392.1|	93.729	303	19	0	163	465	493	795	1.43e-127	455	1912897
2ff42f0cddd686abd0b14f7789940800	gi|1953646486|ref|NR_171390.1|	93.729	303	19	0	163	465	493	795	1.43e-127	455	1912897
2ff42f0cddd686abd0b14f7789940800	gi|343205837|ref|NR_044289.1|	93.729	303	19	0	163	465	466	768	1.43e-127	455	460384
2ff42f0cddd686abd0b14f7789940800	gi|343201474|ref|NR_042200.1|	93.729	303	19	0	163	465	456	758	1.43e-127	455	333367
2ff42f0cddd686abd0b14f7789940800	gi|1953646481|ref|NR_171388.1|	93.729	303	18	1	163	465	493	794	5.13e-127	453	1912897
cbe654aabba4cf5cc48c69ae9814b289	gi|2260349424|ref|NR_176506.1|	99.786	468	1	0	2	469	312	779	0.0	859	1982626
cbe654aabba4cf5cc48c69ae9814b289	gi|2260349423|ref|NR_176505.1|	98.718	468	6	0	2	469	311	778	0.0	832	1982628
cbe654aabba4cf5cc48c69ae9814b289	gi|631253195|ref|NR_114393.1|	93.376	468	31	0	2	469	323	790	0.0	693	29348
cbe654aabba4cf5cc48c69ae9814b289	gi|228720470|ref|NR_027592.1|	93.162	468	32	0	2	469	313	780	0.0	688	29348
cbe654aabba4cf5cc48c69ae9814b289	gi|645322231|ref|NR_119030.1|	92.964	469	31	2	2	469	321	788	0.0	682	428126
cbe654aabba4cf5cc48c69ae9814b289	gi|645322566|ref|NR_119286.1|	92.964	469	31	2	2	469	310	777	0.0	682	69824
cbe654aabba4cf5cc48c69ae9814b289	gi|1109168034|ref|NR_144615.1|	92.585	472	27	7	2	469	313	780	0.0	671	1796628
cbe654aabba4cf5cc48c69ae9814b289	gi|343203026|ref|NR_043550.1|	92.308	468	36	0	2	469	324	791	0.0	665	341225
cbe654aabba4cf5cc48c69ae9814b289	gi|631252045|ref|NR_113243.1|	92.111	469	35	2	2	469	325	792	0.0	660	1547
cbe654aabba4cf5cc48c69ae9814b289	gi|2363083393|ref|NR_179945.1|	91.915	470	34	3	2	469	277	744	0.0	654	2899121
524438f8142f80b482e01acaf3527550	gi|1277396271|ref|NR_151982.1|	99.105	447	4	0	2	448	245	691	0.0	804	1628085
524438f8142f80b482e01acaf3527550	gi|1277396349|ref|NR_152060.1|	98.881	447	5	0	2	448	333	779	0.0	800	1712515
524438f8142f80b482e01acaf3527550	gi|545589041|ref|NR_044644.2|	95.749	447	17	1	2	448	351	795	0.0	726	39484
524438f8142f80b482e01acaf3527550	gi|1193829128|ref|NR_147371.1|	95.749	447	17	1	2	448	274	718	0.0	719	1871029
524438f8142f80b482e01acaf3527550	gi|343205971|ref|NR_044490.1|	94.866	448	22	1	2	448	345	792	0.0	699	501571
524438f8142f80b482e01acaf3527550	gi|2363082930|ref|NR_179713.1|	94.183	447	26	0	2	448	316	762	0.0	682	1945634
524438f8142f80b482e01acaf3527550	gi|2363087009|ref|NR_181761.1|	92.394	447	33	1	2	448	266	711	0.0	636	2841509
524438f8142f80b482e01acaf3527550	gi|645321636|ref|NR_118554.1|	90.380	447	43	0	2	448	326	772	1.30e-167	588	1297617
524438f8142f80b482e01acaf3527550	gi|3248465658|ref|NR_201672.1|	90.179	448	42	2	2	448	293	739	6.03e-166	582	3381350
524438f8142f80b482e01acaf3527550	gi|2363082352|ref|NR_179423.1|	90.179	448	42	2	2	448	346	792	6.03e-166	582	1689270
65d12bd0228fdb8c5b51566d050f8496	gi|631251740|ref|NR_112938.1|	86.864	472	51	8	2	470	323	786	1.81e-146	518	204516
65d12bd0228fdb8c5b51566d050f8496	gi|343198509|ref|NR_042745.1|	86.864	472	51	8	2	470	335	798	1.81e-146	518	204516
65d12bd0228fdb8c5b51566d050f8496	gi|631251866|ref|NR_113064.1|	86.681	473	50	8	2	470	335	798	8.43e-145	512	1236538
65d12bd0228fdb8c5b51566d050f8496	gi|631251817|ref|NR_113015.1|	86.681	473	50	8	2	470	335	798	8.43e-145	512	1236538
65d12bd0228fdb8c5b51566d050f8496	gi|645320081|ref|NR_117373.1|	86.681	473	50	8	2	470	286	749	8.43e-145	512	1236515
65d12bd0228fdb8c5b51566d050f8496	gi|631251997|ref|NR_113195.1|	86.469	473	51	8	2	470	335	798	3.92e-143	507	1236515
65d12bd0228fdb8c5b51566d050f8496	gi|444304091|ref|NR_074515.1|	85.232	474	55	8	2	470	347	810	3.98e-133	473	435590
65d12bd0228fdb8c5b51566d050f8496	gi|631251873|ref|NR_113071.1|	85.201	473	57	8	2	470	338	801	3.98e-133	473	1236498
65d12bd0228fdb8c5b51566d050f8496	gi|631251748|ref|NR_112946.1|	85.232	474	55	8	2	470	336	799	3.98e-133	473	821
65d12bd0228fdb8c5b51566d050f8496	gi|631251471|ref|NR_112668.1|	85.201	473	57	8	2	470	327	790	3.98e-133	473	732242
60d3313369c283c0ee41d4b5afb27290	gi|444304189|ref|NR_074613.1|	94.595	444	24	0	2	445	347	790	0.0	688	515620
60d3313369c283c0ee41d4b5afb27290	gi|559795169|ref|NR_104758.1|	94.144	444	26	0	2	445	342	785	0.0	676	1282887
60d3313369c283c0ee41d4b5afb27290	gi|559795246|ref|NR_104836.1|	94.157	445	24	2	2	445	330	773	0.0	676	706562
60d3313369c283c0ee41d4b5afb27290	gi|219846511|ref|NR_026103.1|	94.144	444	26	0	2	445	313	756	0.0	676	37658
60d3313369c283c0ee41d4b5afb27290	gi|1277396381|ref|NR_152095.1|	93.919	444	27	0	2	445	345	788	0.0	671	1679721
60d3313369c283c0ee41d4b5afb27290	gi|645321749|ref|NR_118643.1|	93.919	444	27	0	2	445	251	694	0.0	671	1432052
60d3313369c283c0ee41d4b5afb27290	gi|631252121|ref|NR_113319.1|	93.694	444	28	0	2	445	347	790	0.0	665	645466
60d3313369c283c0ee41d4b5afb27290	gi|1277396183|ref|NR_151894.1|	93.694	444	28	0	2	445	332	775	0.0	665	433293
60d3313369c283c0ee41d4b5afb27290	gi|343202586|ref|NR_042953.1|	93.694	444	28	0	2	445	305	748	0.0	665	264463
60d3313369c283c0ee41d4b5afb27290	gi|2363085103|ref|NR_180800.1|	93.468	444	29	0	2	445	344	787	0.0	660	2652274
0f05b9a841d0c99f49ce8ec643ad8762	gi|3248465636|ref|NR_201647.1|	100.000	444	0	0	2	445	297	740	0.0	821	3380806
0f05b9a841d0c99f49ce8ec643ad8762	gi|343198924|ref|NR_044048.1|	100.000	444	0	0	2	445	325	768	0.0	821	470146
0f05b9a841d0c99f49ce8ec643ad8762	gi|1116030277|ref|NR_144735.1|	99.550	444	2	0	2	445	347	790	0.0	809	1745713
0f05b9a841d0c99f49ce8ec643ad8762	gi|2363082603|ref|NR_179548.1|	97.748	444	10	0	2	445	345	788	0.0	767	1870993
0f05b9a841d0c99f49ce8ec643ad8762	gi|265678940|ref|NR_029248.1|	97.297	444	10	2	2	445	346	787	0.0	754	500632
0f05b9a841d0c99f49ce8ec643ad8762	gi|2363084846|ref|NR_180671.1|	96.622	444	15	0	2	445	60	503	0.0	737	2594882
0f05b9a841d0c99f49ce8ec643ad8762	gi|2962412221|ref|NR_199415.1|	96.622	444	15	0	2	445	335	778	0.0	737	3136600
0f05b9a841d0c99f49ce8ec643ad8762	gi|2363086021|ref|NR_181263.1|	96.622	444	15	0	2	445	331	774	0.0	737	2726362
0f05b9a841d0c99f49ce8ec643ad8762	gi|2363086282|ref|NR_181393.1|	96.413	446	12	4	2	445	287	730	0.0	732	2763664
0f05b9a841d0c99f49ce8ec643ad8762	gi|343203027|ref|NR_043551.1|	96.396	444	16	0	2	445	346	789	0.0	732	341220
cf21dd945d8e5976b9d2d3a919e069a8	gi|3248465644|ref|NR_201656.1|	97.079	445	12	1	2	446	326	769	0.0	749	3417633
cf21dd945d8e5976b9d2d3a919e069a8	gi|507148077|ref|NR_102884.1|	95.281	445	20	1	2	446	328	771	0.0	704	213810
cf21dd945d8e5976b9d2d3a919e069a8	gi|444303976|ref|NR_074399.1|	95.281	445	20	1	2	446	330	773	0.0	704	697329
cf21dd945d8e5976b9d2d3a919e069a8	gi|631251834|ref|NR_113032.1|	95.281	445	20	1	2	446	330	773	0.0	704	1264
cf21dd945d8e5976b9d2d3a919e069a8	gi|636559173|ref|NR_115230.1|	95.281	445	20	1	2	446	330	773	0.0	704	697329
cf21dd945d8e5976b9d2d3a919e069a8	gi|219846339|ref|NR_025929.1|	95.281	445	20	1	2	446	325	768	0.0	704	697329
cf21dd945d8e5976b9d2d3a919e069a8	gi|636558832|ref|NR_114889.1|	95.056	445	20	2	2	446	274	716	0.0	699	213810
cf21dd945d8e5976b9d2d3a919e069a8	gi|2363082601|ref|NR_179547.1|	94.607	445	23	1	2	446	344	787	0.0	688	1870991
cf21dd945d8e5976b9d2d3a919e069a8	gi|3248465648|ref|NR_201660.1|	94.382	445	24	1	2	446	316	759	0.0	682	3417630
cf21dd945d8e5976b9d2d3a919e069a8	gi|219846341|ref|NR_025931.1|	93.722	446	25	3	2	446	305	748	0.0	665	1265
acb4ff84cbd88e6405fd3694baead967	gi|631252186|ref|NR_113384.1|	95.208	313	13	2	153	464	453	764	3.01e-139	494	856
acb4ff84cbd88e6405fd3694baead967	gi|343206228|ref|NR_044820.1|	94.249	313	16	2	153	464	378	689	8.44e-135	479	861
acb4ff84cbd88e6405fd3694baead967	gi|645320556|ref|NR_117734.1|	93.610	313	18	2	153	464	441	752	6.57e-131	466	850
acb4ff84cbd88e6405fd3694baead967	gi|1269235450|ref|NR_146837.2|	92.971	313	20	2	153	464	458	769	1.42e-127	455	1755100
acb4ff84cbd88e6405fd3694baead967	gi|343200620|ref|NR_041307.1|	84.301	465	70	3	2	464	331	794	1.84e-126	451	329854
acb4ff84cbd88e6405fd3694baead967	gi|645322306|ref|NR_119089.1|	93.464	306	15	5	153	455	454	757	6.62e-126	449	850
acb4ff84cbd88e6405fd3694baead967	gi|228720055|ref|NR_027588.1|	91.925	322	24	2	144	464	369	689	6.62e-126	449	469615
acb4ff84cbd88e6405fd3694baead967	gi|2363082567|ref|NR_179530.1|	92.332	313	22	2	153	464	451	762	3.08e-124	444	1852365
acb4ff84cbd88e6405fd3694baead967	gi|631252181|ref|NR_113379.1|	91.615	322	25	2	144	464	444	764	3.08e-124	444	134605
acb4ff84cbd88e6405fd3694baead967	gi|265678628|ref|NR_028933.1|	91.615	322	25	2	144	464	444	764	3.08e-124	444	134605
84e2ca8cfa4b3cdbeecbf50dc2aab88a	gi|444304011|ref|NR_074435.1|	99.323	443	3	0	2	444	329	771	0.0	802	461876
84e2ca8cfa4b3cdbeecbf50dc2aab88a	gi|343198782|ref|NR_043674.1|	99.323	443	3	0	2	444	169	611	0.0	802	461876
84e2ca8cfa4b3cdbeecbf50dc2aab88a	gi|2363087005|ref|NR_181759.1|	98.194	443	8	0	2	444	279	721	0.0	774	2841507
84e2ca8cfa4b3cdbeecbf50dc2aab88a	gi|636560335|ref|NR_116395.1|	97.517	443	11	0	2	444	323	765	0.0	758	522397
84e2ca8cfa4b3cdbeecbf50dc2aab88a	gi|1315204016|ref|NR_152685.1|	96.163	443	17	0	2	444	297	739	0.0	725	1734049
84e2ca8cfa4b3cdbeecbf50dc2aab88a	gi|636559942|ref|NR_116002.1|	95.946	444	17	1	2	444	374	817	0.0	719	426129
84e2ca8cfa4b3cdbeecbf50dc2aab88a	gi|2363080838|ref|NR_178661.1|	95.721	444	18	1	2	444	393	836	0.0	713	1482731
84e2ca8cfa4b3cdbeecbf50dc2aab88a	gi|566085001|ref|NR_108539.1|	95.711	443	19	0	2	444	310	752	0.0	713	655607
84e2ca8cfa4b3cdbeecbf50dc2aab88a	gi|1315204014|ref|NR_152683.1|	95.495	444	19	1	2	444	324	767	0.0	708	1723361
84e2ca8cfa4b3cdbeecbf50dc2aab88a	gi|2363080836|ref|NR_178660.1|	95.495	444	19	1	2	444	293	736	0.0	708	1482732
7b84dddb092b93c64d0b6b3d8a3dc133	gi|636558732|ref|NR_114789.1|	95.270	444	21	0	2	445	344	787	0.0	704	1535
7b84dddb092b93c64d0b6b3d8a3dc133	gi|1146059197|ref|NR_145929.1|	94.196	448	22	2	2	445	316	763	0.0	680	642589
7b84dddb092b93c64d0b6b3d8a3dc133	gi|3248465687|ref|NR_201701.1|	93.960	447	24	2	2	445	327	773	0.0	673	3435187
7b84dddb092b93c64d0b6b3d8a3dc133	gi|3248465688|ref|NR_201702.1|	93.960	447	24	2	2	445	325	771	0.0	673	3435000
7b84dddb092b93c64d0b6b3d8a3dc133	gi|2836274966|ref|NR_197729.1|	93.919	444	27	0	2	445	301	744	0.0	671	3093657
7b84dddb092b93c64d0b6b3d8a3dc133	gi|1193829157|ref|NR_147400.1|	93.468	444	29	0	2	445	336	779	0.0	660	1958780
7b84dddb092b93c64d0b6b3d8a3dc133	gi|2836274967|ref|NR_197730.1|	93.468	444	29	0	2	445	309	752	0.0	660	3093658
7b84dddb092b93c64d0b6b3d8a3dc133	gi|1116030278|ref|NR_144736.1|	93.468	444	29	0	2	445	357	800	0.0	660	1776382
7b84dddb092b93c64d0b6b3d8a3dc133	gi|2363082799|ref|NR_179648.1|	93.243	444	30	0	2	445	336	779	0.0	654	2045012
7b84dddb092b93c64d0b6b3d8a3dc133	gi|2180566484|ref|NR_174324.1|	93.243	444	30	0	2	445	343	786	0.0	654	2576756
